v1,cleaned_text
ham,go jurong point crazy available bugis n great world la e buffet cine got amore wat
ham,ok lar joking wif u oni
spam,free entry wkly comp win fa cup final tkts st may text fa receive entry questionstd txt ratetcs apply overs
ham,u dun say early hor u c already say
ham,nah dont think goes usf lives around though
spam,freemsg hey darling weeks word back id like fun still tb ok xxx std chgs send å£ rcv
ham,even brother like speak treat like aids patent
ham,per request melle melle oru minnaminunginte nurungu vettam set callertune callers press copy friends callertune
spam,winner valued network customer selected receivea å£ prize reward claim call claim code kl valid hours
spam,mobile months u r entitled update latest colour mobiles camera free call mobile update co free
ham,im gonna home soon dont want talk stuff anymore tonight k ive cried enough today
spam,six chances win cash pounds txt csh send cost pday days tsandcs apply reply hl info
spam,urgent week free membership å£ prize jackpot txt word claim tc lccltd pobox ldnwarw
ham,ive searching right words thank breather promise wont take help granted fulfil promise wonderful blessing times
ham,date sunday
spam,xxxmobilemovieclub use credit click wap link next txt message click xxxmobilemovieclubcomnqjkgighjjgcbl
ham,oh kim watching
ham,eh u remember spell name yes v naughty make v wet
ham,fine thatåõs way u feel thatåõs way gota b
spam,england v macedonia dont miss goalsteam news txt ur national team eg england trywales scotland txtì¼ poboxoxwwq
ham,seriously spell name
ham,iû÷m going try months ha ha joking
ham,ì pay first lar da stock comin
ham,aft finish lunch go str lor ard smth lor u finish ur lunch already
ham,ffffffffff alright way meet sooner
ham,forced eat slice im really hungry tho sucks mark getting worried knows im sick turn pizza lol
ham,lol always convincing
ham,catch bus frying egg make tea eating moms left dinner feel love
ham,im back packing car ill let know theres room
ham,ahhh work vaguely remember feel like lol
ham,wait thats still clear sure sarcastic thats x doesnt want live us
ham,yeah got v apologetic n fallen actin like spoilt child got caught till wont go badly cheers
ham,k tell anything
ham,fear fainting housework quick cuppa
spam,thanks subscription ringtone uk mobile charged å£month please confirm replying yes reply charged
ham,yup ok go home look timings msg ì xuhui going learn nd may lesson
ham,oops ill let know roommates done
ham,see letter b car
ham,anything lor u decide
ham,hello hows saturday go texting see youd decided anything tomo im trying invite anything
ham,pls go ahead watts wanted sure great weekend abiola
ham,forget tell want need crave love sweet arabian steed mmmmmm yummy
spam,rodger burns msg tried call reply sms free nokia mobile free camcorder please call delivery tomorrow
ham,seeing
ham,great hope like man well endowed inches
ham,callsmessagesmissed calls
ham,didnt get hep b immunisation nigeria
ham,fair enough anything going
ham,yeah hopefully tyler cant could maybe ask around bit
ham,u dont know stubborn didnt even want go hospital kept telling mark im weak sucker hospitals weak suckers
ham,thinked first time saw class
ham,gram usually runs like half eighth smarter though gets almost whole second gram
ham,k fyi x ride early tomorrow morning hes crashing place tonight
ham,wow never realized embarassed accomodations thought liked since best could always seemed happy cave im sorry didnt dont give im sorry offered im sorry room embarassing
spam,sms ac sptv new jersey devils detroit red wings play ice hockey correct incorrect end reply end sptv
ham,know mallika sherawat yesterday find url
spam,congrats year special cinema pass call c suprman v matrix starwars etc free bxipwe pm dont miss
ham,sorry ill call later meeting
ham,tell reached
ham,yesgauti sehwag odi series
ham,gonna pick burger way home cant even move pain killing
ham,ha ha ha good joke girls situation seekers
ham,part checking iq
ham,sorry roommates took forever ok come
ham,ok lar double check wif da hair dresser already said wun cut v short said cut look nice
spam,valued customer pleased advise following recent review mob awarded å£ bonus prize call
ham,today song dedicated day song u dedicate send ur valuable frnds first rply
spam,urgent ur awarded complimentary trip eurodisinc trav acoentry å£ claim txt dis å£morefrmmob shracomorsglsuplt ls aj
spam,hear new divorce barbie comes kens stuff
ham,plane give month end
ham,wah lucky man save money hee
ham,finished class
ham,hi babe im home wanna something xx
ham,kkwhere youhow performed
ham,u call
ham,waiting machan call free
ham,thats cool gentleman treat dignity respect
ham,like peoples much shy pa
ham,operate
ham,still looking job much tas earn
ham,sorry ill call later
ham,k call ah
ham,ok way home hi hi
ham,place man
ham,yup next stop
ham,call later dont network urgnt sms
ham,real u getting yo need tickets one jacket im done already used multis
ham,yes started send requests make pain came back im back bed double coins factory gotta cash nitros
ham,im really still tonight babe
ham,ela kanoil download come wen ur free
ham,yeah donû÷t stand close tho youû÷ll catch something
ham,sorry pain ok meet another night spent late afternoon casualty means havent done stuffmoro includes time sheets sorry
ham,smile pleasure smile pain smile trouble pours like rain smile sum hurts u smile becoz someone still loves see u smiling
spam,please call customer service representative ampm guaranteed å£ cash å£ prize
ham,havent planning buy later check already lido got show e afternoon u finish work already
spam,free ringtone waiting collected simply text password mix verify get usher britney fml
ham,watching telugu moviewat abt u
ham,see finish loads loans pay
ham,hi wk ok hols yes bit run forgot hairdressers appointment four need get home n shower beforehand cause prob u ham
ham,please dont text anymore nothing else say
ham,okay name ur price long legal wen pick u ave x ams xx
ham,im still looking car buy gone driving test yet
ham,wow youre right didnt mean guess gave boston men changed search location nyc something changed cuz signin page still says boston
ham,umma life vava umma love lot dear
ham,thanks lot wishes birthday thanks making birthday truly memorable
ham,aight ill hit get cash
ham,would ip address test considering computer isnt minecraft server
ham,know grumpy old people mom like better lying always one play jokes
ham,dont worry guess hes busy
ham,plural noun research
ham,going dinnermsg
ham,im ok wif cos like try new things scared u dun like mah cos u said loud
spam,gent trying contact last weekends draw shows å£ prize guaranteed call claim code k valid hrs ppm
ham,wa ur openin sentence formal anyway im fine juz tt im eatin much n puttin weighthaha anythin special happened
ham,entered cabin pa said happy bday boss felt special askd lunch lunch invited apartment went
spam,winner u specially selected receive å£ holiday flights inc speak live operator claim pmin
ham,goodo yes must speak friday eggpotato ratio tortilla needed
ham,hmmmy uncle informed hes paying school directly pls buy food
spam,private account statement shows unredeemed bonus points claim call identifier code expires
spam,urgent mobile awarded å£ bonus caller prize final try contact u call landline boxwrc ppm
ham,new address applespairsall malarky
spam,todays voda numbers ending selected receive award match please call quoting claim code standard rates app
ham,going sao mu today done
ham,ìï predict wat time ìll finish buying
ham,good stuff
ham,knowyetunde hasnt sent money yet sent text bother sending dont involve anything shouldnt imposed anything first place apologise
ham,room
ham,hey girl r u hope u r well del r bak long time c give call sum time lucyxx
ham,kkhow much cost
ham,im home
ham,dear call tmorrowpls accomodate
ham,first answer question
spam,sunshine quiz wkly q win top sony dvd player u know country algarve txt ansr å£ sptyrone
spam,want get laid tonight want real dogging locations sent direct ur mob join uks largest dogging network bt txting gravel nt eca
ham,haf msn
ham,call meet
ham,check rooms befor activities
spam,youll rcv msgs chat svc free hardcore services text go u get nothing u must age verify yr network try
ham,got c lazy type forgot ì lect saw pouch like v nice
ham,k text youre way
ham,sir waiting mail
ham,swt thought nver get tired little things lovable persons cozsomtimes little things occupy biggest part hearts gud ni
ham,know pls open back
ham,yes see ya dot
ham,whats staff name taking class us
spam,freemsg havent replied text im randy sexy female live local luv hear u netcollex ltd p per msg reply stop end
ham,ummmawill call check inour life begin qatar pls pray hard
ham,ki deleted contact
ham,sindu got job birla soft
ham,wine flowing im nevering
ham,yup thk cine better cos need go plaza mah
ham,ok ur typical reply
ham,everywhere dirt floor windows even shirt sometimes open mouth comes flowing dream world without half chores time joy lots tv shows ill see guess like things must exist like rain hail mist time done become one
ham,aaooooright work
ham,im leaving house
ham,hello love get interview today happy good boy think meare missing
spam,customer service annoncement new years delivery waiting please call arrange delivery
spam,winner u specially selected receive å£ cash holiday flights inc speak live operator claim
ham,keep safe need miss already envy everyone sees real life
ham,new car house parentsi new job hand
ham,im love im excited day spend make happy
spam,pls stop bootydelious f inviting friend reply yes see stop send stop frnd
spam,bangbabes ur order way u receive service msg download ur content u goto wap bangb tv ur mobile internetservice menu
ham,place ur points e cultures module already
spam,urgent trying contact last weekends draw shows å£ prize guaranteed call claim code valid hrs
ham,hi frnd best way avoid missunderstding wit beloved ones
ham,great escape fancy bridge needs lager see tomo
ham,yes completely formclark also utter waste
ham,sir need axis bank account bank address
ham,hmmm thk sure got time hop ard ya go free abt muz call u discuss liao
ham,time coming later
ham,bloody hell cant believe forgot surname mr ill give u clue spanish begins
ham,well im gonna finish bath goodfine night
ham,let know youve got money carlos make call
ham,u still going mall
ham,turns friends staying whole show wont back til feel free go ahead smoke worth
ham,text doesnt reply let know log
ham,hi spoke maneesha v wed like know satisfied experience reply toll free yes
ham,lifted hopes offer money need especially end month approaches hurts studying anyways gr weekend
ham,lol u trust
ham,ok gentleman treat dignity respect
ham,guys close
ham,going nothing greatbye
ham,hello handsome finding job lazy working towards getting back net mummy wheres boytoy miss
ham,haha awesome minute
spam,please call customer service representative freephone ampm guaranteed å£ cash å£ prize
ham,got xmas radio times get
ham,jus reached home go bathe first sis using net tell u finishes k
spam,unique enough find th august
ham,im sorry ive joined league people dont keep touch mean great deal friend times even great personal cost great week
ham,hi finally completed course
ham,stop however suggest stays someone able give ors every stool
ham,hope youve settled new school year wishin gr day
ham,gud mrng dear hav nice day
ham,u got persons story
ham,hamster dead hey tmr meet pm orchard mrt
ham,hi kate evening hope see tomorrow bit bloody babyjontet txt back u xxx
ham,found enc
ham,sent bucks
ham,hello darlin ive finished college txt u finish u love kate xxx
ham,account refilled successfully inr decimal keralacircle prepaid account balance rs decimal transaction id kr
ham,goodmorning sleeping ga
ham,u call alter ok
ham,ìï say like dat dun buy ericsson oso cannot oredi lar
ham,aight yo dats straight dogg
ham,please give us connection today decimal refund bill
ham,shoot big loads get ready
ham,whats bruv hope great break rewarding semester
ham,home always chat
ham,kkgoodstudy well
ham,yup ì noe leh
ham,sounds great home
ham,finally match heading towards draw prediction
ham,tired havent slept well past nights
ham,easy ahsen got selected means good
ham,take exam march
ham,yeah think use gt atm register sure theres anyway help let know sure ready
ham,ok prob take ur time
ham,os called ubandu run without installing hard diskyou use os copy important files system give repair shop
ham,u say leh course nothing happen lar say v romantic jus bit lor thk e nite scenery nice leh
spam,new mobiles must go txt nokia collect todayfrom å£ optout gbpmtmsg
ham,would really appreciate call need someone talk
spam,u meet ur dream partner soon ur career flyng start find free txt horo followed ur star sign e g horo aries
ham,hey company elama po mudyadhu
ham,life strict teacher bcoz teacher teaches lesson conducts exam life first conducts exam teaches lessons happy morning
ham,dear good morning
ham,get gandhipuram walk cross cut road right side street road turn first right
ham,dear going rubber place
ham,sorry battery died yeah im
ham,yeshere tv always available work place
spam,text meet someone sexy today u find date even flirt u join p reply name age eg sam msg pence
ham,printed oh come upstairs
ham,ill little closer like bus stop street
ham,youwhen wil reach
ham,new theory argument wins situation loses person dont argue ur friends kick say im always correct
spam,u secret admirer looking make contact ufind rreveal thinks ur specialcall
ham,tomarrow final hearing laptop case cant
ham,pleassssssseeeeee tel v avent done sportsx
ham,okay shining meant signing sounds better
ham,although told u dat im baig face watches really like e watch u gave cos fr u thanx everything dat uve done today im touched
ham,u dont remember old commercial
ham,late said website didnt dont slippers
ham,asked call ok
ham,kallis wont bat nd innings
ham,didnt work oh ok goodnight ill fix ready time wake dearly missed good night sleep
spam,congratulations ur awarded cd vouchers gift guaranteed free entry wkly draw txt music tncs
ham,ranjith cal drpd deeraj deepak min hold
ham,wen ur lovable bcums angry wid u dnt take seriously coz angry childish n true way showing deep affection care n luv kettoda manda nice day da
ham,doinghow
ham,ups days also shipping company takes wks way usps takes week gets lag may bribe nipost get stuff
ham,im back lemme know youre ready
ham,dont necessarily expect done get back though im headin
ham,mmm yummy babe nice jolt suzy
ham,lover need
spam,tried contact reply offer video handset anytime networks mins unlimited text camcorder reply call
ham,iû÷m parked next mini coming today think
ham,yup
ham,anyway im going shopping cos sis done yet dun disturb u liao
ham,luton ring ur around h
spam,hey really horny want chat see naked text hot text charged pm unsubscribe text stop
ham,dint come us
ham,wana plan trip sometme
ham,sure yet still trying get hold
spam,ur ringtone service changed free credits go clubmobilescom choose content stop txt club stop pwk club po box mk wt
ham,evo download flash jealous
spam,ringtone club get uk singles chart mobile week choose top quality ringtone message free charge
ham,come mu sorting narcotics situation
ham,night ended another day morning come special way may smile like sunny rays leaves worries blue blue bay
spam,hmv bonus special pounds genuine hmv vouchers answer easy questions play send hmv info
ham,usf guess might well take car
ham,objection bf coming
ham,thanx
ham,tell rob mack gf theater
ham,awesome ill see bit
ham,sent type food like
ham,done handed celebrations full swing yet
ham,got called tool
ham,wen u miss someone
ham,ok asked money far
ham,okie
ham,yeah think usual guys still passed last night get ahold anybody let know ill throw
ham,k might come tonight class lets early
ham,hi baby im cruisin girl friend r u give call hour home thats alright fone fone love jenny xxx
ham,life means lot love life love people life world calls friends call world ge
ham,dearshall mail tonitebusy streetshall update tonitethings looking okvarunnathu edukkukayee raksha ollubut good one real sense
ham,hey told name gautham ah
ham,haf u found feel stupid da v cam working
ham,oops got bit
ham,much buzy
ham,accidentally deleted message resend please
spam,tmobile customer may claim free camera phone upgrade pay go sim card loyalty call offer ends thfebtcs apply
ham,unless situation go gurl would appropriate
ham,hurt tease make cry end life die plz keep one rose grave say stupid miss u nice day bslvyl
ham,cant pick phone right pls send message
ham,need coffee run tomocant believe time week already
ham,awesome remember last time got somebody high first time diesel v
ham,shit really shocking scary cant imagine second def night u think somewhere could crash night save taxi
ham,oh way food fridge want go meal tonight
ham,womdarfull actor
spam,sms ac blind date u rodds aberdeen united kingdom check sms acwicmbcktzr blind dates send hide
ham,yup remb think book
ham,jos ask u wana meet
ham,lol yes friendship hanging thread cause u wont buy stuff
spam,themob check newest selection content games tones gossip babes sport keep mobile fit funky text wap
ham,garage keys arent bookshelf
ham,today accept dayu accept brother sister lover dear best clos lvblefrnd jstfrnd cutefrnd lifpartnr belovd swtheart bstfrnd rply means enemy
spam,think ur smart win å£ week weekly quiz text play nowtcs winnersclub po box uz gbpweek
ham,says hell give call friends got money hes definitely buying end week
ham,hi way u day normal waythis real ur uniquei hope know u rest mylife hope u find wot lost
ham,made day great day
ham,kkadvance happy pongal
ham,hmmm guess go kb n power yoga haha dunno tahan power yoga anot thk got lo oso forgot liao
ham,really dude friends im afraid
spam,december mobile mths entitled update latest colour camera mobile free call mobile update co free
ham,coffee cake guess
ham,merry christmas babe love ya kisses
ham,hey dont go watch x men lunch haha
ham,cud u tell ppl im gona b bit l cos buses hav gon past cos full im still waitin pete x
ham,would great well guild could meet bristol road somewhere get touch weekend plans take flight good week
ham,problem
ham,hi dahow todays class
ham,id say thats good sign well know track record reading women
ham,cool text youre parked
ham,im reading text sent meant joke read light
ham,kkapo kgood movie
ham,maybe could get book tomo return immediately something
spam,call germany pence per minute call fixed line via access number prepayment direct access
ham,chance might evaporated soon violated privacy stealing phone number employers paperwork cool please contact report supervisor
spam,valentines day special win å£ quiz take partner trip lifetime send go pmsg rcvd custcare
ham,tadaaaaa home babe still
ham,cool come havent wined dined
ham,sleepingand surfing
ham,u calling right call hand phone
ham,ok thats great thanx lot
ham,take post come must texts happy reading one wiv hello caroline end favourite bless
ham,u hiding stranger
ham,interested like
ham,sister cleared two round birla soft yesterday
ham,gudnitetcpractice going
ham,dis yijue jus saw ur mail case huiming havent sent u num dis num
ham,one small prestige problem
spam,fancy shag dointerested sextextukcom txt xxuk suzy txts cost per msg tncs website x
ham,checking really miss seeing jeremiah great month
ham,nah cant help ive never iphone
ham,youre car hour half im going apeshit
ham,today sorry day ever angry ever misbehaved hurt plz plz slap urself bcoz ur fault im basically good
ham,yo guys ever figure much need alcohol jay trying figure much safely spend weed
ham,ish minutes minutes ago wtf
ham,thank callingforgot say happy onam sirjii fine remembered met insurance personmeet qatar insha allahrakhesh ex tata aig joined tisscotayseer
spam,ur cashbalance currently pounds maximize ur cashin send cash pmsg cc hgsuitelands rowwjhl
ham,im actor work work evening sleep late since im unemployed moment always sleep late youre unemployed every day saturday
ham,hello got st andrewsboy long way cold keep posted
ham,ha ha cool cool chikku chikkudb
ham,oh ok prob
ham,check audreys status right
ham,busy trying finish new year looking forward finally meeting
ham,good afternoon sunshine dawns day refreshed happy alive breathe air smile think love always
ham,well know z take care worries
spam,updatenow xmas offer latest motorola sonyericsson nokia free bluetooth double mins txt orange call mobileupd calloptoutfq
spam,discount code rp stop messages reply stop customer services
ham,wat uniform get
ham,cool text youre ready
ham,hello boytoy geeee miss already woke wish bed cuddling love
ham,spoil bed well
ham,im going bath msg next min
ham,cant keep talking people sure pay agree price pls tell want really buy much willing pay
spam,thanks ringtone order reference charged gbp per week unsubscribe anytime calling customer services
ham,say happen
ham,could seen mei didt recognise face
ham,well theres lot things happening lindsay new years sighs bars ptbo blue heron something going
ham,keep payasam rinu brings
ham,taught ranjith sir called sms like becaus hes verifying project prabu told today pa dont mistake
ham,guess thats worried must know theres way body repairs im quite sure shouldnt worry well take slow first tests guide ovulation relax nothing youve said reason worry ill keep followin
ham,yeah sure give couple minutes track wallet
ham,hey leave big deal take care
ham,hey late ah meet
spam,double mins txts months free bluetooth orange available sony nokia motorola phones call mobileupd calloptoutndx
ham,took mr owl licks
ham,customer place call
ham,mm time dont like fun
spam,mths half price orange line rental latest camera phones free phone mths call mobilesdirect free update orstoptxt
ham,yup lunch buffet u eat already
ham,huh late fr dinner
ham,hey sat going intro pilates kickboxing
ham,morning ok
ham,yes think office lap room think thats last days didnt shut
ham,pick bout ish time going
ham,performance award calculated every two monthnot current one month period
ham,actually sleeping still might u call back text gr rock sis send u text wen wake
ham,always putting business put pictures ass facebook one open people ive ever met would think picture room would hurt make feel violated
ham,good evening sir al salam wahleykkumsharing happy newsby grace god got offer tayseertissco joinedhope fineinshah allahmeet sometimerakheshvisitor india
ham,hmmmkbut want change field quickly dai wanna get system administrator network administrator
spam,free ringtone text first poly text get true tone help st free tones xå£pw eå£nd txt stop
ham,dear chechi talk
ham,hair cream shipped
ham,none thats happening til get though
ham,yep great loxahatchee xmas tree burning starts hour
ham,haha get used driving usf man know lot stoners
ham,well slightly disastrous class pm fav darlings hope day ok coffee wld good cant stay late tomorrow time place always
ham,hello good week fancy drink something later
ham,headin towards busetop
ham,messagesome text missing sendername missing number missing sentdate missing missing u lot thats everything missing sent via fullonsmscom
ham,come room point iron plan weekend
ham,cos want thing
ham,okies ill go yan jiu skip ard oso go cine den go mrt one blah blah blah
ham,bring home wendy
spam,dating service call boxskch
ham,whatsup dont u want sleep
ham,alright new goal
spam,free entry å£ weekly competition text word win tc
ham,alright ill head minutes text meet
spam,send logo ur lover names joined heart txt love name name mobno eg love adam eve yahoo poboxwwq txtno ads p
ham,yesfrom last week im taking live call
spam,someone contacted dating service entered phone fancy find call landline poboxntfp
ham,siva hostel aha
spam,urgent mobile number awarded å£ prize guaranteed call land line claim valid hrs
ham,send ur friends receive something ur voice speaking expression childish naughty sentiment rowdy ful attitude romantic shy attractive funny irritating lovable reply
ham,ok shell ok guess
ham,aathiwhere dear
ham,pain urination thing else
ham,esplanade ì mind giving lift cos got car today
ham,wnt buy bmw car urgentlyits vry urgentbut hv shortage lacsthere source arng dis amt lacsthats prob
ham,home watching tv lor
ham,usually take fifteen fucking minutes respond yes question
spam,congrats nokia video camera phone call calls cost ppm ave call mins vary mobiles close post bcm ldn wcnxx
ham,booked ticket pongal
ham,available im like right around hillsborough th
ham,message sent askin dollars shoul pay
ham,ask g iouri ive told story like ten times already
ham,long applebees fucking take
ham,hi hope u get txtjourney hasnt gdnow mins late think
ham,like love arrange
ham,yeshe really greatbhaji told kallis best cricketer sachin worldvery tough get
ham,supposed wake
ham,oic saw tot din c found group liao
ham,hey hey werethe monkeespeople say monkeyaround howdy gorgeous
ham,sorry battery died come im getting gram wheres place
ham,well done blimey exercise yeah kinda remember wot hmm
ham,wont get concentration dear know mind everything
ham,lol made plans new years
ham,min later k
ham,hanks lotsly
ham,thanks hope good day today
ham,kkwhat detail want transferacc enough
ham,ok tell stay yeah tough optimistic things improve month
spam,loan purpose å£ å£ homeowners tenants welcome previously refused still help call free text back help
ham,si si think ill go make oreo truffles
ham,look amy ure beautiful intelligent woman like u lot know u donåõt like like donåõt worry
ham,hope thats result consistently intelligent kind start asking practicum links keep ears open best ttyl
ham,call cost guess isnt bad miss ya need ya want ya love ya
ham,going thru different feelingwavering decisions coping individualtime heal everything believe
ham,u go phone gonna die stay
ham,great never better day gives even reasons thank god
spam,upgrdcentre orange customer may claim free camera phone upgrade loyalty call offer ends th july tcs apply optout available
ham,sorry ill call later ok bye
ham,ok way railway
ham,great princess love giving receiving oral doggy style fave position enjoy making love times per night
ham,dont put stuff roads keep getting slippery
ham,going ride bike
ham,yup need ill jus wait e rain stop
ham,many company tell language
spam,okmail dear dave final notice collect tenerife holiday cash award call landline tcs sae box cwwx ppm
ham,long since screamed princess
ham,nothing meant money enters account bank remove flat rate someone transfered account dollars got removed banks differ charges also differbe sure trust ja person sending account details cos
spam,want get laid tonight want real dogging locations sent direct ur mob join uks largest dogging network txting moan nyt eca
ham,nice line said broken heart plz dont cum times infront wise trust u good
ham,ok im gonna head usf like fifteen minutes
ham,love aathilove u lot
ham,tension ahwhat machiany problem
ham,k pick another th youre done
ham,whenre guys getting back g said thinking staying mcr
ham,almost see u sec
ham,yo carlos friends already asking working weekend
ham,watching tv lor
ham,thank baby cant wait taste real thing
ham,change fb jaykwon thuglyfe falconerf
ham,win really side long time
spam,free message activate free text messages replying message word free terms conditions visit
ham,dear reached railway happen
ham,depends quality want type sent boye faded glory want ralphs maybe
ham,think ive fixed send test message
ham,sorry man accounts dry would want could trade back half could buy shit credit card
ham,sorryin meeting ill call later
ham,class reunion
ham,free nowcan call
ham,got meh
ham,nope think go monday sorry replied late
ham,told accenture confirm true
ham,kate jackson rec center ish right
ham,dear reache room
ham,fighting world easy u either win lose bt fightng close u dificult u lose u lose u win u still lose
ham,ì come
ham,check nuerologist
ham,lolnice went fish water
spam,congratulations weeks competition draw u å£ prize claim call b tcsstop sms ppm
ham,waiting e car dats bored wat cos wait outside got nothing home stuff watch tv wat
ham,maybe westshore hyde park village place near house
ham,know hows anthony bringing money ive school fees pay rent stuff like thats need help friend need
ham,whats significance
ham,opinion jada kusruthi lovable silent spl character matured stylish simple pls reply
ham,latest gs still scrounge ammo want give new ak try
ham,prabhaim sorydarealyfrm heart im sory
ham,lol ok forgiven
ham,nojst change tat
spam,guaranteed latest nokia phone gb ipod mp player å£ prize txt word collect ibhltd ldnwh pmtmsgrcvd
ham,sno competition
spam,boltblue tones p reply poly mono eg poly cha cha slide yeah slow jamz toxic come stop tones txt
spam,credits topped renewal pin tgxxrz
ham,way transport less problematic sat night way u want ask n join bday feel free need know definite nos booking fri
ham,usually person unconscious thats children adults may behave abnormally ill call
ham,thats ebay might less elsewhere
ham,shall come get pickle
ham,gonna go get tacos
ham,thats rude campus
spam,urgent mobile awarded å£ bonus caller prize nd attempt contact call boxqu
ham,hi wont b ard christmas enjoy n merry xmas
spam,todays offer claim ur å£ worth discount vouchers text yes savamob member offers mobile cs å£ sub unsub reply x
ham,yes pretty lady like single
spam,recieve tone within next hrs terms conditions please see channel u teletext pg
ham,jay says youre doublefaggot
spam,private account statement shows unredeemed sim points call identifier code expires
ham,todaysundaysunday holidayso work
ham,ill late
ham,ive called hoping lr malaria know miss guys miss bani big pls give love especially great day
ham,good afternoon love goes day hope maybe got leads job think boytoy send passionate kiss across sea
ham,probably gonna see later tonight
ham,maybe fat fingers press buttons doesnt know
ham,ummmmmaah many many happy returns day dear sweet heart happy birthday dear
ham,tirupur da started office call
spam,maxmonth tcsc web age stop txt stop
ham,famous quote develop ability listen anything unconditionally without losing temper self confidence means married
ham,going college pa else ill come self pa
ham,oclock mine bash flat plan
ham,girl stay bed girl doesnt need recovery time id rather pass fun cooped bed
ham,special
ham,know need get hotel got invitation apologise cali sweet come english blokes weddin
ham,sorry took long omw
ham,wait min
ham,ok give minutes think see btw youre alibi cutting hair whole time
ham,imagine finally get sink bath put paces maybe even eat left also imagine feel cage cock surrounded bath water reminding always owns enjoy cuck
ham,hurry ive weeddeficient like three days
ham,sure get acknowledgement astoundingly tactless generally faggy demand blood oath fo
ham,ok every night take warm bath drink cup milk youll see work magic still need loose weight know
ham,iû÷ll look frying pan case itû÷s cheap book perhaps thatû÷s silly frying pan isnû÷t likely book
ham,well uv causes mutations sunscreen like essential thesedays
ham,lunchyou onlinewhy
ham,know friend already told
ham,hi princess thank pics pretty
ham,aiyo u always c ex one dunno abt mei reply first time u reply fast lucky workin huh got bao ur sugardad ahgee
ham,hi msg meim office
ham,thanx e brownie v nice
ham,geeeee love much barely stand
ham,fuck babe miss already know cant let send money towards net need want crave
ham,ill call u mrw ninish address icky american freek wont stop callin bad jen k eh
ham,oooh bed ridden ey thinking
ham,anyways go gym whatever love smiles hope ok good day babe miss much already
ham,love daddy make scream pleasure going slap ass dick
ham,wot u wanna missy
ham,yar lor wait mum finish sch lunch lor whole morning stay home clean room room quite clean hee
ham,know lab goggles went
ham,open door
ham,waiting call
ham,nope waiting sch daddy
spam,cash prize claim call
ham,im tired arguing week week want ill
ham,ìï wait sch finish ard
spam,mobile number å£ claim calls us back ring claims hot line
ham,arngd marriage u r walkin unfortuntly snake bites u bt love marriage dancing frnt snake sayin bite bite
ham,huh early ì dinner outside izzit
ham,ok anyway need change said
spam,tried contact reply offer mins textand new video phone call reply free delivery tomorrow
ham,exwife able kids want kids one day
ham,hows scotland hope showing jjc tendencies take care live dream
ham,tell u headache want use hour sick time
ham,dun thk ill quit yet hmmm go jazz yogasana oso go meet em lessons den
ham,pete please ring meive hardly gotany credit
ham,ya srsly better yi tho
ham,im meeting call later
spam,ur chance win å£ wkly shopping spree txt shop tscs custcare xpwk
spam,specially selected receive pound award call lines close cost ppm tcs apply ag promo
spam,private account statement shows unredeemed points call identifier code expires
ham,still grand prix
ham,met stranger choose friend long world stands friendship never ends lets friends forever gud nitz
ham,great
ham,gud mrng dear nice day
spam,important customer service announcement call freephone
ham,exhausted train morning much wine pie sleep well
ham,im going buy mums present ar
ham,mind blastin tsunamis occur rajnikant stopped swimming indian oceand
ham,u sending home first ok lor im ready yet
ham,speaking cash yet
ham,happy come noon
ham,meet lunch la
ham,take care n get well soon
spam,morow soiree speciale zouk nichols parisfree roses ladies info
ham,meant say cant wait see u getting bored bridgwater banter
ham,neva mind ok
ham,fine imma get drink somethin want come find
spam,days kick euro u kept date latest news results daily removed send get txt stop
ham,valentine game send dis msg ur friends answers r someone really loves u ques colour suits bestrply
ham,many dependents
ham,thanx today cer nice catch ave find time often oh well take care c u soonc
ham,called said himthen choose future
ham,happy valentines day know early hundreds handsomes beauties wish thought finish aunties uncles st
ham,like v shock leh cos telling shuhui like telling leona also like dat almost know liao got ask abt ur reaction lor
ham,family happiness
ham,come n pick ì come immediately aft ur lesson
ham,let snow let snow kind weather brings ppl together friendships grow
ham,dear got dollars hi hi
ham,good words words may leave u dismay many times
ham,make sure alex knows birthday fifteen minutes far youre concerned
ham,sorry got things may pub later
ham,nah straight bring bud drinks something thats actually little useful straight cash
ham,haha good hear im officially paid market th
ham,many licks take get center tootsie pop
ham,yup thk r e teacher said make face look longer darren ask cut short
spam,new textbuddy chat horny guys ur area p free receive search postcode gaytextbuddycom txt one name
spam,todays vodafone numbers ending selected receive å£ award number matches call receive å£ award
ham,please dont say like hi hi hi
ham,thank u
ham,oh forwarded message thought send
ham,got seventeen pounds seven hundred ml ûò hope ok
spam,dear voucher holder claim weeks offer pc go tscs apply stop texts txt stop
ham,n funny
ham,sweetheart hope kind day one loads reasons smile biola
ham,ì login dat time dad fetching ì home
ham,shower baby
ham,askd u question hours answer
ham,well imma definitely need restock thanksgiving ill let know im
ham,said kiss kiss cant sound effects gorgeous man isnt kind person needs smile brighten day
ham,probably gonna swing wee bit
ham,ya nice ready thursday
ham,allo braved buses taken trains triumphed mean weû÷re bû÷ham jolly good rest week
ham,watching cartoon listening music eve go temple church u
ham,mind ask happened dont say uncomfortable
ham,prob send email
spam,cash prize claim call tc rstm sw ss ppm
ham,thats cool sometimes slow gentle sonetimes rough hard
ham,im gonna say sorry would normal starting panic time sorry seeing tuesday
ham,wait know wesleys town bet hella drugs
ham,fine miss much
ham,tell drug dealers getting impatient
ham,sun cant come earth send luv rays cloud cant come river send luv rain cant come meet u send care msg u gud evng
ham,doesnt make sense take unless free need know wikipediacom
spam,premium phone services call
ham,sea lays rock rock envelope envelope paper paper words
ham,mums repent
ham,sorry going home first daddy come fetch ì later
ham,leave de start prepare next
ham,yes baby study positions kama sutra
ham,en chikku nange bakra msg kalstiyathen teacoffee
ham,carlosll minute still need buy
ham,pay decimal lakhs
ham,good evening ttyl
ham,u receive msg
ham,ho ho big belly laugh see ya tomo
spam,sms ac sun posts helloyou seem cool
spam,get ur st ringtone free reply msg tone gr top tones phone every week å£ per wk opt send stop
ham,ditto wont worry saying anything anymore like said last night whatever want ill peace
ham,ive got way could pick
ham,dont knw pa drink milk
ham,maybe say hi find got card great escape wetherspoons
ham,piggy r u awake bet ure still sleeping im going lunch
ham,cause im freaky lol
ham,missed call cause yelling scrappy miss u cant wait u come home im lonely today
ham,hex place talk explain
ham,ìï log wat sdrybi
ham,xy going e lunch
spam,hi im sue years old work lapdancer love sex text live im bedroom text sue textoperator g da ppmsg
ham,wanted ask ì wait finish lect cos lect finishes hour anyway
ham,finished work yet
ham,every king crying baby every great building map imprtant u r today u wil reach tomorw gud ni
ham,dearme cherthalain case u r coming cochin pls call bfore u starti shall also reach accordinglyor tell day u r comingtmorow engaged ans holiday
ham,thanks love torch bold
spam,please call immediately urgent message waiting
ham,farm open
ham,sorry trouble u buy dad big small sat n sun thanx
ham,sister law hope great month saying hey abiola
ham,purchase stuff today mail po box number
ham,ah poop looks like ill prob send laptop get fixed cuz gpu problem
ham,good good job like entrepreneurs
ham,aight close still around alexs place
ham,meet corporation st outside gap û see mind working
ham,mum ask ì buy food home
ham,ku also dont msg reply msg
ham,much r ì willing pay
ham,important prevent dehydration giving enough fluids
ham,thats bit weird even supposed happening good idea sure pub
ham,true deari sat pray evening felt soso smsd time
ham,dont think get away trek long family town sorry
ham,wanna gym harri
ham,quite late lar ard anyway wun b drivin
spam,review keep fantastic nokia ngage game deck club nokia go unsubscribe alerts reply word
spam,mths half price orange line rental latest camera phones free phone mths call mobilesdirect free update orstoptxt tcs
ham,height confidence aeronautics professors wer calld wer askd sit aeroplane aftr sat wer told dat plane ws made students dey hurried plane bt didnt move saidif made students
ham,seems like weird timing night g want come smoke day shitstorm attributed always coming making everyone smoke
spam,ampm cost p
ham,save stress person dorm account send account details money sent
ham,also knows lunch menu da know
ham,stuff sell ill tell
spam,urgent nd attempt contact uu å£ call b tcsbcmwcnxx callcost ppm mobilesvary maxå£
ham,book lesson msg call work sth im going get specs membership px
spam,guaranteed å£ cash å£ prize claim yr prize call customer service representative ampm
ham,macha dont feel upseti assume mindsetbelieve one evening wonderful plans uslet life begin againcall anytime
ham,oh send address
ham,sfine anytime best
ham,wondar full flim
ham,ya even cookies jelly
ham,world running stillmaybe feeling sameso itor admiti madthen correctionor let call lifeand keep running worldmay u r also runninglets run
ham,got looks scrumptious daddy wants eat night long
ham,cos lar im ba dao ok pm lor u never ask go ah said u would ask fri said u ask today
ham,alright omw gotta change order halfth
ham,exactly anyways far jide study visiting
ham,dunno u ask
spam,email alertfrom jeri stewartsize kbsubject lowcost prescripiton drvgsto listen email call
ham,didnt spring coming early yay
ham,lol wont feel bad use money take steak dinner
ham,even u dont get trouble convincingjust tel twice tel neglect msgs dont c read itjust dont reply
ham,leaving qatar tonite search opportunityall went fastpls add ur prayers dearrakhesh
ham,one talking
ham,thanks looking really appreciate
spam,hi customer loyalty offerthe new nokia mobile å£ txtauction txt word start get tctxt tc pmtmsg
ham,wish
ham,haha mayb ure rite u know well da feeling liked someone gd lor u faster go find one gals group attached liao
ham,yes glad made
ham,well little time thing good times ahead
ham,got room soon û hadnt put clocks back til shouted everyone get realised wahay another hour bed
ham,ok may free gym
ham,men like shorter ladies gaze eyes
ham,dunno jus say go lido time
ham,promise take good care princess run please send pics get chance ttyl
spam,u subscribed best mobile content service uk å£ per days send stop helpline
ham,reason weve spoken year anyways great week best exam
ham,monday next week give full gist
spam,realize years well thousands old ladies running around tattoos
spam,important customer service announcement premier
ham,dont gimme lip caveboy
ham,get library
ham,realy sorryi dont recognise number confused r u please
ham,didnt holla
ham,cant think anyone spare room top head
ham,faith makes things possiblehope makes things worklove makes things beautifulmay three christmasmerry christmas
ham,u made appointment
ham,call youcarlos isare phones vibrate acting might hear texts
spam,romantic paris nights flights å£ book next year call tscs apply
ham,grandmas oh dear u still ill felt shit morning think hungover another night leave sat
spam,urgent ur å£ guaranteed award still unclaimed call closingdate claimcode mm å£pmmorefrommobilebremovedmobypoboxlsyf
ham,nothing jus tot u would ask cos u ba gua went mt faber yest yest jus went already mah today going jus call lor
ham,wishing family merry x mas happy new year advance
spam,ur awarded city break could win å£ summer shopping spree every wk txt store skilgme tscswinawkage å£perwksub
ham,im nt goin got somethin unless meetin dinner lor haha wonder go tis time
ham,lol know theyre dramatic schools already closed tomorrow apparently cant drive inch snow supposed get
ham,getting anywhere damn job hunting
ham,lol u drunkard hair moment yeah still tonight wats plan
ham,idc get weaseling way shit twice row
ham,wil minutes got space
ham,thanks picking trash
ham,dont go tell friend youre sure want live smokes much spend hours begging come smoke
ham,hi kate lovely see tonight ill phone tomorrow got sing guy gave card xxx
ham,happy new year dear brother really miss got number decided send text wishing happiness abiola
ham,means get door
ham,hmmm thought said hours slave late punish
ham,beerage
spam,important customer service announcement premier call freephone
ham,dont think turns like randomlly within min opening
ham,supposed couldnt make shes still town though
ham,time fixes spelling sometimes gets completely diff word go figure
spam,ever thought living good life perfect partner txt back name age join mobile community psms
spam,free top polyphonic tones call national rate get toppoly tune sent every week text subpoly å£ per pole unsub
ham,hoping enjoyed game yesterday sorry ive touch pls know fondly bein thot great week abiola
ham,e best ur driving tmr
ham,ywhere u dogbreath sounding like jan c thatåõs al
ham,omg want scream weighed lost weight woohoo
ham,generally isnt one uncountable noun u dictionary pieces research
ham,really getting hanging around
spam,orange customer may claim free camera phone upgrade loyalty call offer ends thmarch tcs apply optout availa
ham,petey boy whereare friendsare thekingshead come canlove nic
ham,ok msg u b leave house
ham,gimme minutes ago
spam,last chance claim ur å£ worth discount vouchers today text shop savamob offers mobile cs savamob pobox muz å£ sub
ham,appt time fault u dont listen told u twice
spam,free st week nokia tone ur mobile every week txt nokia get txting tell ur mates pobox wwq normptone
spam,guaranteed å£ award even å£ cashto claim ur award call free stop getstop php rg jx
ham,k ill
ham,dled imp
ham,sure make sure knows aint smokin yet
ham,boooo always work quit
ham,taking half day leave bec well
ham,ugh dont wanna get bed warm
ham,ssnervous
ham,theres ring comes guys costumes gift future yowifes hint hint
spam,congratulations ur awarded either å£ cd gift vouchers free entry å£ weekly draw txt music tncs
ham,borrow ur bag ok
spam,u outbid simonwatson shinco dvd plyr bid visit sms acsmsrewards end bid notifications reply end
ham,wheres boytoy miss happened
ham,lots used ones babe model doesnt help youi bring hell match
ham,also bringing galileo dobby
ham,responding
ham,boo babe u enjoyin yourjob u seemed b gettin well hunnyhope ure oktake care iåõllspeak u soonlots loveme xxxx
ham,good afternoon starshine hows boytoy crave yet ache fuck sips cappuccino miss babe teasing kiss
ham,road cant txt
spam,smsservices yourinclusive text credits pls goto login qxj unsubscribe stop extra charge help comuk cm ae
spam,p alfie moons children need song ur mob tell ur ms txt tone charity nokias poly charity polys zed profit charity
ham,hmm bits pieces lol sighs
ham,hahahause brain dear
ham,hey got mail
ham,sorry light turned green meant another friend wanted worth may around
ham,thanks yesterday sir wonderful hope enjoyed burial mojibiola
spam,u secret admirer reveal thinks u r special call opt reply reveal stop per msg recd cust care
ham,hi mate rv u hav nice hol message say hello coz havenåõt sent u ages started driving stay roadsrvx
spam,dear voucher holder claim weeks offer pc please go tscs apply stop texts txt stop
ham,thank much skyped wit kz sura didnt get pleasure company hope good weve given ultimatum oh countin aburo enjoy message sent days ago
ham,surely result offer
ham,good morning dear great successful day
spam,want anytime network mins text new video phone five pounds per week call reply delivery tomorrow
ham,sir late paying rent past months pay charge felt would inconsiderate nag something give great cost thats didnt speak however recession wont able pay charge month hence askin well ahead months end please help thanks
spam,tried contact offer new video phone anytime network mins half price rental camcorder call reply delivery wed
spam,last chance claim ur å£ worth discount voucherstext yes nowsavamobmember offers mobile cs å£ sub remove txt x stop
ham,luv u soo much u donåõt understand special u r ring u morrow luv u xxx
ham,pls send comprehensive mail im paying much
ham,prashanthettans mother passed away last night pray family
spam,urgent call landline complimentary ibiza holiday cash await collection sae tcs po box sk wp ppm
ham,kkwhen going
ham,meanwhile shit suite xavier decided give us seconds warning samantha coming playing jays guitar impress shit also dont think doug realizes dont live anymore
ham,stomach thru much trauma swear cant eat better lose weight
ham,officewhats mattermsg nowi call break
ham,yeah theres barely enough room two us x many fucking shoes sorry man see later
ham,u reach orchard already u wan go buy tickets first
ham,real baby want bring inner tigress
ham,da run activate full version da
ham,ah poor babyhope urfeeling bettersn luv probthat overdose work hey go careful spk u sn lots lovejen xxx
ham,stop story ive told ive returned hes saying order
spam,talk sexy make new friends fall love worlds discreet text dating service text vip see could meet
ham,going take babe
ham,hai ana tomarrow coming morning decimal ill sathy go rto office reply came home
ham,spoons okay
ham,say somebody named tampa
ham,work going min
ham,brother genius
ham,sorry guess whenever get hold connections maybe hour two ill text
ham,u find time bus coz need sort stuff
ham,dude ive seeing lotta corvettes lately
spam,congratulations ur awarded either yrs supply cds virgin records mystery gift guaranteed call tscs å£pm approx mins
ham,consider walls bunkers shit important never play peaceful guess place high enough dont matter
spam,private account statement xxxxxx shows unredeemed points call identifier code expires
spam,hello need posh birds chaps user trial prods champneys put need address dob asap ta r
spam,u want xmas free text messages new video phone half price line rental call free find
ham,well officially philosophical hole u wanna call home ready saved
ham,going goodno problembut still need little experience understand american customer voice
ham,ill text drop x
ham,ugh long day im exhausted want cuddle take nap
ham,talk atleast day otherwise miss best friend world shakespeare shesil
spam,shop till u drop either k k å£ cash å£ travel voucher call ntt po box crbt fixedline cost ppm mobile vary
ham,castor need see something
spam,sunshine quiz wkly q win top sony dvd player u know country liverpool played mid week txt ansr å£ sptyrone
spam,u secret admirer looking make contact ufind rreveal thinks ur specialcall stopsms
spam,reminder downloaded content already paid goto mymoby tv collect content
ham,see knew giving break times woul lead always wanting miss curfew gonna gibe til one midnight movie gonna get til need come home need getsleep anything need b studdying ear training
ham,love give massages use lots baby oil fave position
ham,dude go sup
ham,yoyyooo u know change permissions drive mac usb flash drive
ham,gibbs unsoldmike hussey
ham,like talk pa able dont know
ham,dun cut short leh u dun like ah failed shes quite sad
ham,unbelievable faglord
ham,wifehow knew time murder exactly
ham,ask princess
ham,great princess thinking
ham,nutter cutter ctter cttergg cttargg ctargg ctagg ie
ham,ok noe ure busy im really bored msg u oso dunno wat colour choose one
ham,doesnt g class early tomorrow thus shouldnt trying smoke
ham,superb thought grateful u dont everything u want means u still opportunity happier tomorrow u today
ham,hope good week checking
ham,im used hope agents dont drop since ive booked things year whole boston nyc experiment
ham,thursday night yeah sure thing well work
ham,probably money worries things coming due several outstanding invoices work two three months ago
ham,possible teach
ham,wonder phone battery went dead tell love babe
ham,lovely smell bus aint tobacco
ham,getting worried derek taylor already assumed worst
ham,hey whats charles sorry late reply
spam,lastest stereophonics marley dizzee racal libertines strokes win nookii games flirt click themob wap bookmark text wap
ham,ill give plus said grinule greet whenever speak
ham,white fudge oreos stores
spam,january male sale hot gay chat cheaper call national rate pmin cheap pmin peak stop texts call pmin
ham,love come took long leave zahers got words ym happy see sad left miss
ham,sorry hurt
ham,cant feel nauseous im pissed didnt eat sweets week cause today planning pig dieting week im hungry
ham,ok lor early still project meeting
ham,call da waiting call
ham,could ask carlos could get anybody else chip
ham,actually send reminder today wonderful weekend
ham,people see msgs think iam addicted msging wrong bcoz dont know iam addicted sweet friends bslvyl
ham,hey gave photo registered driving ah tmr wanna meet yck
ham,dont talk ever ok word
ham,u wana see
ham,way school pls send ashleys number
ham,shall fine avalarr hollalater
ham,went attend another two rounds todaybut still didt reach home
ham,actually deleted old websitenow blogging magicalsongsblogspotcom
ham,k wait chikkuil send aftr mins
ham,im diet ate many slices pizza yesterday ugh im always diet
ham,ki give kvb acc details
ham,oh come ah
spam,money r lucky winner claim prize text money å£million give away pptxnormal text rate box wtjy
ham,im really sorry wont b able fridayhope u find alternativehope yr terms going ok
ham,congratulations ore mo owo wa enjoy wish many happy moments fro wherever go
ham,samus shoulders yet
ham,time think youll need know near campus
spam,dear matthew please call landline complimentary lux tenerife holiday å£ cash await collection ppm sae tcs box skxh
ham,dun wear jeans lor
ham,since side fever vomitin
ham,kkare college
spam,urgent call landline complimentary tenerife holiday å£ cash await collection sae tcs box hp yf ppm
ham,better made friday stuffed like pig yesterday feel bleh least writhing pain kind bleh
ham,sell well tons coins sell coins someone thru paypal voila money back life pockets
ham,theyre lots places hospitals medical places safe
spam,getting touch folks waiting company txt back name age opt enjoy community psms
ham,also ive sorta blown couple times recently id rather text blue looking weed
ham,sent scores sophas secondary application schools think thinking applying research cost also contact joke ogunrinde school one less expensive ones
ham,cant wait see photos useful
spam,ur cashbalance currently pounds maximize ur cashin send go pmsg cc po box tcrw
ham,hey booked kb sat already lessons going ah keep sat night free need meet confirm lodging
ham,chk ur belovd ms dict
ham,time want come
ham,awesome lemme know whenever youre around
ham,shb b ok lor thanx
ham,beautiful truth gravity read carefully heart feels light someone feels heavy someone leaves good night
ham,also remember get dobbys bowl car
spam,filthy stories girls waiting
ham,sorry c ur msg yar lor poor thing one night tmr ull brand new room sleep
ham,love isnt decision feeling could decide love life would much simpler less magical
ham,welp apparently retired
ham,sort code acc bank natwest reply confirm ive sent right person
ham,u sure u cant take sick time
spam,urgent trying contact u todays draw shows å£ prize guaranteed call land line claim validhrs
ham,yo chad gymnastics class wanna take site says christians class full
ham,better still catch let ask sell
ham,sure night menu know noon menu
ham,u want come backa beautiful necklace token heart youthats give wife likingbe seeno one give thatdont call mei wait till come
ham,willing go aptitude class
ham,wont b trying sort house ok
ham,yar lor wan go c horse racing today mah eat earlier lor ate chicken rice u
ham,haha awesome omw back
ham,yup thk e shop closes lor
ham,account number
ham,eh u send wrongly lar
ham,hey ad crap nite borin without ya boggy u boring biatch thanx u wait til nxt time il ave ya
ham,ok shall talk
ham,dont hesitate know second time weakness like keep notebook eat day anything changed day sure nothing
ham,hey pay salary de
ham,another month need chocolate weed alcohol
ham,started searching get job dayshe great potential talent
ham,reckon need town eightish walk carpark
spam,congrats mobile g videophones r call videochat wid mates play java games dload polyph music noline rentl
ham,look fuckin time fuck think
ham,yo guess dropped
ham,carlos says hell mu minutes
ham,im office call min
ham,geeee miss already know think fuck cant wait till next year together loving kiss
ham,yun ahthe ubi one say ì wan call tomorrowcall look ireneere got bus ubi cresubi tech parkph st wkg daysì¬n
ham,ugh gotta drive back sd la butt sore
ham,th july
ham,hi im relaxing time ever get every day party good night get home tomorrow ish
ham,ì ìï wan come come lor din c stripes skirt
ham,xmas story peace xmas msg love xmas miracle jesus hav blessed month ahead wish u merry xmas
ham,cant dont number
ham,change e one next escalator
ham,yetunde im class run water make ok pls
ham,lot happened feels quiet beth aunts charlie working lots helen mo
ham,ì wait bus stop aft ur lect lar dun c ì go get car come back n pick ì
ham,aight thanks comin
ham,nobut heard abt tat
ham,think say syllabus
ham,umma say anything
ham,give sec think think
spam,panasonic bluetoothhdset free nokia free motorola free doublemins doubletxt orange contract call mobileupd call optout
ham,dont quite know still cant get hold anyone cud pick bout pm see theyre pub
ham,poyyarikaturkolathupalayamunjalur posterode dis
ham,dear heroi leaving qatar tonite apt opportunitypls keep touch email kerala
ham,lol would mom would fit tell whole family crazy terrible
ham,got home babe still awake
ham,dunno close oredi ìï v fan
ham,buy pizza meat lovers supreme u get pick
ham,ya toldshe asking wats matter
ham,dearregret cudnt pick calldrove frm ctla cochin homeleft mobile carente style ishtamayoohappy bakrid
spam,free st week nokia tone ur mob every week txt nokia get txting tell ur mates pobox wwq normptone
ham,shall send exe mail id
ham,nope watching tv home going v bored
ham,knowwait check
ham,good afternoon glorious anniversary day sweet j hope finds happy content prey think send teasing kiss across sea coaxing images fond souveniers cougarpen
spam,guess somebody know secretly fancies wanna find give us call landline dateboxessexcmxn pmin
ham,still tonight
ham,may call later pls
ham,hasnt pattern recently crap weekends
ham,sore throat scratches talk
ham,yes da plm ur office
ham,around still asleep v
ham,lol forgot eh yes ill bring babe
ham,good well find way
ham,use foreign stamps country good lecture
ham,yup bathe liao
ham,happy new year man
ham,oh mr sheffield wanna play game okay youre boss im nanny give raise ill give one
ham,zoe hit im fucking shitin il defo try hardest cum morow luv u millions lekdog
ham,hello baby get back moms setting computer filling belly goes loverboy miss already sighs
ham,blankets sufficient thx
ham,naughty little thought better flirt flirt n flirt rather loving someone n gettin hurt hurt n hurt gud nyt
ham,edison rightly said fool ask questions wise man answer know us speechless viva gm
ham,talking thats de wont
ham,today going college able atten class
ham,im class holla later
ham,mmm thats better got roast iåõd b better drinks good indian
spam,know someone know fancies call find pobox lshb p
ham,come round
ham,thing change sentence want concentrate educational career im leaving
spam,flirting txt girl bloke ur name age eg girl zoe join get chatting
ham,walked hour c u doesnåõt show care wont u believe im serious
spam,days euro kickoff u kept informed latest news results daily unsubscribe send get euro stop
ham,available soiree june rd
ham,u noe wat time e place dat sells closes
ham,got another job one hospital data analysis something starts monday sure thesis got finished
ham,jays getting really impatient belligerent
ham,hiya comin bristol st week april les got rudi new yrs eve snoringthey drunk u bak college yet work sends ink bath
ham,im work please call
ham,u drive lor
ham,ard like dat
ham,tell theyre female v howre throwing deciding get
spam,eastenders tv quiz flower dot compare violet e tulip f lily txt e f chance win å£ cash wkentp
ham,im working technical support voice processnetworking field
ham,might come kerala daysso prepared take leave finalise dont plan travel visitneed finish urgent works
ham,ok sure time tho sure get library class try see point good eve
spam,new local dates area lots new people registered area reply date start replys
ham,thats fine ill bitch later
ham,mum went dentist
ham,free call sir waiting
ham,meeting u work tel shall work tomorrow
spam,someone u know asked dating service contact cant guess call revealed po box wu
ham,jus finish bathing
ham,alright ill make sure car back tonight
spam,urgent trying contact u todays draw shows å£ prize guaranteed call land line claim c validhrs
spam,dear uve invited xchat final attempt contact u txt chat
ham,lul im gettin juicy gossip hospital two nurses talking fat gettin one thinks shes obese oyea
ham,aight ill get fb couple minutes
ham,oi ami parchi na kicchu kaaj korte iccha korche na phone ta tul na plz plz
ham,download clear movies dvd copies
ham,yep pretty sculpture
ham,convey regards
ham,watching surya movie pm vijay movie pokkiri
ham,tell happen dont behave like ok need say
ham,u get pic msgs phone
ham,send someone else
ham,wat makes people dearer de happiness dat u feel u meet de pain u feel u miss dem
ham,love start attractioni feel need every time around meshe first thing comes thoughtsi would start day end hershe every time dreamlove every breath namemy life happen around hermy life named heri would cry herwill give happiness take sorrowsi ready fight anyone heri love craziest things herlove dont proove anyone girl beautiful lady whole planeti always singing praises herlove start making chicken curry end makiing sambarlife beautiful thenwill get every morning thank god day mei would like say lotwill tell later
ham,frndship like needle clock though v r clock v r nt able met evn v meetitz seconds bt v alwys stay conected gud
ham,dont think spatula hands
ham,never nothing
spam,awarded sipix digital camera call landline delivery within days cs box mbp yr warranty ppm p på£
ham,goodmorning today late decimal min
spam,win urgent mobile number awarded å£ prize guaranteed call land line claim valid hrs ppm
ham,please da call mistake side sorry da pls da goto doctor
ham,r meeting
ham,well weather calis great complexities great need car move freely taxes outrageous great place sad part missing home
ham,reached home tired come tomorro
ham,ryder unsoldnow gibbs
spam,dear subscriber ur draw å£ gift voucher b entered receipt correct ans elvis presleys birthday txt answer
ham,dont fret ill buy ovulation test strips send wont get til like march send postal addressull alrightokay
ham,gifts trying get throw cliff something
ham,ne thing interesting good birthday u wrking nxt started uni today
ham,busy come point figure tomorrow
ham,yeah go bored depressed sittin waitin phone ring hope wind drops though scary
ham,black shirt n blue jeans thk c ì
ham,aiyah sorry lor watch tv watch forgot check phone
spam,message important information user today lucky day find log onto fantastic surprise awaiting
ham,hen night going swing
ham,good afternoon love goes day woke early online waiting hmmm italian boy online see grins
ham,someone smoke every time ive smoked last two weeks calling texting wanted smoke
ham,youll get headache trying figure u trust math promise
ham,sfirst timedhoni rocks
ham,ok ill tell company
ham,awesome think get th usf time tonight
ham,means still think teju
ham,im good movie ok leave hourish
ham,nothis kallis home groundamla home town durban
ham,lets make saturday monday per convenience
ham,hey time driving fri go evaluation fri
spam,å£ price claim call
ham,im going lunch wif family aft dat go str orchard lor
spam,bored speed dating try speedchat txt speedchat dont like em txt swap get new chatter chat poboxwwq pmsg rcd
ham,cancel cheyyamoand get money back
ham,okok okthenwhats ur todays plan
ham,good morning princess
ham,aiyar sorry lor forgot tell u
spam,taking part mobile survey yesterday texts use however wish get txts send txt tc p
ham,tonight mate catching sleep new number way
ham,height oh shit situation guy throws luv letter gal falls brothers head whos gay
spam,ur hmv quiz cashbalance currently å£ maximize ur cashin send hmv pmsg
ham,check errors difficulties correction
ham,howz painhope u r fine
ham,u wake already thanx e tau sar piah quite nice
ham,k need login anything
spam,dont forget place many free requests stchoicecouk wish information call
ham,lol busy
ham,u wearing
ham,ohas usual vijay film different
spam,dont know u u dont know send chat lets find pmsg rcvd hgsuitelandsrowwjhl ldn years
ham,good day mine really busy much tomorrow night
ham,way send shades stuff wonderful
ham,really tot ur paper ended long ago wat u copied jus got use u happy lar still haf study
spam,thank winner notified sms good luck future marketing reply stop customer services
ham,babe lost
ham,ok help ask shes working tmr
ham,im driving raining ill get caught e mrt station lor
ham,drop tank
ham,said text one time
ham,ok go change also
spam,girls many local u r virgins r ready fil ur every sexual need u fil text cute å£p
ham,u find sitter kaitlyn sick slept day yesterday
ham,sorry man accidentally left phone silent last night didnt check til got
ham,hey something came last min think wun signing tmr hee
ham,hes adult would learn experience theres real danger dont like peeps using drugs dont need comment
ham,hey theres veggie pizza
ham,yun buying school got offer plus
ham,sure neighbors didnt pick
ham,k sent
ham,well im computerless time make oreo truffles
ham,haha yeah see sec
ham,number sir
ham,lol im hot air balloon
ham,ok bus come soon come otherwise tomorrow
ham,msgs r time passthey silently say thinking u right also making u think least moment gd ntswt drms
ham,yeah probably swing roommate finishes girl
spam,got takes take part wrc rally oz u lucozade energy text rally le p see packs lucozadecoukwrc itcould u
ham,happy new years melody
ham,ìï dun need pick ur gf
ham,yay better told girls either
ham,horrible u eat macs eat u forgot abt already rite u take long reply thk toot b b prepared wat shall eat
ham,say fantastic chance anything need bigger life lift losing live think would first person die n v q
ham,nw came hme da
ham,im outside islands head towards hard rock youll run
ham,day class class
ham,im chennai velachery
ham,flippin shit yet
ham,k give sec breaking cstore
ham,much bad avoid like
ham,yo around got car back
ham,annoying isnt
ham,goodmorning today late min
ham,theres point hangin mr right hes makin u happy
ham,come alivebetter correct good looking figure
ham,case guess ill see campus lodge
ham,done
ham,come home one last time wont anything trust
ham,night worrying appt shame missed girls night quizzes popcorn hair
spam,sex ur mobile free sexy pic jordan text babe every wk get sexy celeb pocketbabecouk pics å£wk
ham,ok c ya
spam,new voicemail please call
ham,said matter mind saying matter
ham,al moan n e thin goes wrong faultal de arguments r faultfed himso bother hav go thanxxx
ham,neft transaction reference number rs decimal credited beneficiary account time
ham,otherwise part time job natuition
ham,know called
ham,also da feel yesterday night wait til day night dear
ham,thanks understanding ive trying tell sura
spam,win year supply cds store ur choice worth å£ enter å£ weekly draw txt music tscs
ham,whole car appreciated last two dad map reading semi argument apart things going ok p
spam,sim subscriber selected receive bonus get delivered door txt word ok claim pmsg exp apr
ham,need strong arms
ham,also maaaan missing
ham,bday real april
ham,guessin aint gonna
ham,ok come ur home half hour
ham,yo game almost want go walmart soon
ham,yeah probably sure ilol let u know personally wuldnt bother ur goin mite well
ham,ill text creepy like wont think forgot
ham,would good û ill phone tomo lunchtime shall organise something
ham,damn make tonight want wait til tomorrow
ham,kkim also finewhen complete course
ham,true passable get high score apply phd get years salary makes life easier
spam,nokia tone ur mob every week txt nok st tone free get txtin tell ur friends ptone reply hl info
ham,prakesh know
ham,teach apps da come college
ham,rofl betta invest anti aging products
ham,sir receive account another hr time sorry delay
spam,reply name address receive post weeks completely free accommodation various global locations php
ham,ìll submitting da project tmr rite
spam,free entry å£ weekly comp send word enter tc cust care
ham,jus ans lar ull noe later
ham,want send something sell fast k easy money
ham,got things may pub later
ham,finish meeting call
ham,lol ok ill snatch purse
ham,edrunk sorry iff pthis makes senrddnot dancce drum n basqihave fun nhite x ros xxxxxxx
ham,much getting
ham,ur paper e morn aft tmr
ham,dear relieved westonzoyland going plan end
ham,hope great new semester wish best made greatness
ham,oh yes speak txt u hmm u get email
ham,want show world princess europe
ham,nobody decide eat dad wants chinese
ham,shoot im docs waiting room
ham,im going dinner soon
ham,hello site download songs urgent pls
ham,know u mean king havin credit im goinbed night night sweet onlymore sleep
ham,horrible gal sch stuff come u got mc
ham,hi hun im comin nitetell every im sorry hope u ava goodtimeoli rang melnite ifink mite b sortedbut il explain everythin monlrsx
ham,yeah like goes like friends imma flip shit like half hour
ham,mum say wan go go shun bian watch da glass exhibition
ham,plan pongal
ham,wait till end march el nino gets oh
ham,yet chikkugoing room nw im bus
ham,also cbe pay
ham,honey boo im missing u
ham,sent jd customer service cum accounts executive ur mail id details contact us
ham,yo im parents gettin cash good news picked downstem
ham,thank much skyped wit kz sura didnt get pleasure company hope good weve given ultimatum oh countin aburo enjoy
spam,hungry gay guys feeling hungry call pmin stop texts call pmin
ham,ok wahala remember friend need
ham,see half hour
ham,im inperialmusic listeningthe weirdest track ever byåóleafcutter johnåósounds like insects molestedsomeone plumbingremixed evil men acid
ham,hey sorry didntgive ya bellearlier hunny
ham,seriously tell exact words right
spam,u get phone wanna chat set meet call u cum moro luv jane xx callså£minmoremobsemspoboxpowa
ham,tee hee lecture cheery bye bye
ham,sorry chikku cell got problem thts nt able reply u msg u
ham,still havent collected dough pls let know go place sent get control number
spam,network operator service free cs visit biz
ham,let know contact ive settled room lets know ok
ham,wot u u weirdo
ham,lor
ham,dont put phone silent mode ok
ham,meet ì depends ì wan lor
ham,waiting tv show start lor u leh still busy ur report
ham,oh ho first time u use type words
ham,one doesnt stalk profiles
ham,ever green quote ever told jerry cartoon person irritates u always one loves u vry much fails express gud nyt
ham,yes thought thanks
ham,shes drinkin im ok
ham,wondering others took
ham,night ended another day morning come special way may smile like sunny rays leaves worries blue blue bay gud mrng
ham,dog must always wait till end day word run time cell already
ham,happy new year u
ham,heygreat dealfarm tour pm pax deposit may
ham,eat jap done oso aft ur lect wat ìï got lect rite
ham,hey babe saw came online second disappeared happened
ham,da birthdate certificate april real date today dont publish shall give special treat keep secret way thanks wishes
ham,happy birthday may ur dreams come true
ham,aiyah u ok already lar e nydc wheellock
ham,tell said eat shit
ham,sure driving reach destination soon
ham,k much th fifty
ham,daily text ûò favour time
ham,great hear settling well whats happenin wit ola
ham,cocksuckers makes feel better ipads worthless garbage novelty items feel bad even wanting one
ham,tot u reach liao said tshirt
ham,fran decided go n e way im completely broke knackered got bout c u mrw love janx ps dads fone credit
ham,right ill make appointment right
ham,designation software developer may get chennai
spam,enjoy jamster videosound gold club credits new videosounds logosmusicnews get fun jamstercouk help call
spam,get lions england tone reply lionm mono lionp poly go original n best tones gbp network operator rates apply
ham,jokin oni lar ìï busy wun disturb ì
ham,ok careful dont text drive
ham,ill always even spirit ill get bb soon trying sure need
ham,u r much close heart u go away shattered plz stay
ham,love u babe r u sure everything alrite idiot txt bak girlie
ham,abt making pics bigger
ham,got got colours lor one colour quite light n e darker lor actually im done shes styling hair
ham,whenevr ur sad whenevr ur gray remembr im listn watevr u wanna say jus walk wid little promise ill bring back ur smile
ham,nothing ok anyway give treat
spam,win newest ûïharry potter order phoenix book reply harry answer questions chance first among readers
ham,correct work today
ham,sent scream moan bed princess
ham,wake long ago already dunno thing
ham,oh getting even u u
ham,thk shd ok said plus minus ì leave line paragraphs
ham,call plz number shows coveragd area urgnt call vasai reach clock call plz
ham,yeah jays sort fucking retard
ham,sorry bathroom sup
spam,ur balance å£ ur next question sang uptown girl answer txt ur answer good luck
ham,exam february wish great day
ham,dont know come ask questions like dont mistake
ham,aight rush ill ask jay
ham,good morning plz call sir
ham,ok lar u sleep early nite
ham,oh icic k lor den meet day
ham,oh half hour much longer syria canada eh wow must get much work done day us extra time grins
ham,sometimes put walls around heartsnot safe getting hurt find cares enough break walls get closer goodnoon
ham,sweet may may go u meet carlos gauge pattys interest
ham,buying today ìï need c meh
ham,aight sorry take ten years shower whats plan
ham,every mondaynxt week vl completing
ham,might ax well im
ham,chill another hrs could sleep pain surgical emergency see unfolds okay
ham,yeah ill try scrounge something
ham,crazy ar hes married ìï like gd looking guys frens like say hes korean leonas fave dun thk aft thinking mayb prob ill go
ham,somewhere fredericksburg
ham,que pases un buen tiempo something like
ham,ok stay night xavier sleeping bag im getting tired
ham,doesnt need test
ham,nothing much chillin home super bowl plan
spam,freeday sexy st georges day pic jordantxt pic dont miss every wk saucy celeb pics c pocketbabecouk å£wk
ham,bugis oso near wat
ham,yo theres class tmrw right
ham,let ur heart ur compass ur mind ur map ur soul ur guide u never loose worldgnun sent via waysmscom
ham,goodnight sleep well da please take care pa please
ham,baaaaabe misss youuuuu go teach class
ham,u ned convince tht possible witot hurting feeling main
ham,good afternoon loverboy goes day luck come way think sweetie send love across sea make smile happy
ham,start sending blackberry torch nigeria find buyer melike month tell dad buy bb anyone oh
ham,pple marry lovers becz hav gud undrstndng dat avoids problems sent dis u u wil get gud news friday person like tomorrow best day life dont break chain break suffer send frnds mins whn u read
ham,yo dude guess got arrested day
ham,shuhui say change suntec steamboat u noe r u
ham,dance river
ham,yetunde im sorry moji seem busy able go shopping please find way get wanted us get please forgive reply free via yahoo messenger
ham,hey really pretty late want go lesson first join im reaching tp mrt
spam,hot live fantasies call p per min ntt ltd po box croydon cr wb k
ham,bbq sat mine ish ur welcome come
ham,dont know thing thats wrong everyso often panicks starts goin bout bein good enough û
ham,alright im outhave good night
ham,try making another butt
ham,hope feeling great pls fill abiola
ham,though shd go n fun bar town something ûò sound ok
ham,go write msg put dictionary mode cover screen hand press gently remove ur hand interesting
spam,bears pic nick tom pete dick fact types try gay chat photo upload call pmin stop texts call
spam,new mobiles must go txt nokia collect todayfrom å£ optout gbpmtmsg txtauction
ham,finally ready fyi
ham,auntie huai juan never pick phone
spam,double mins double txt price linerental latest orange bluetooth mobiles call mobileupd latest offers calloptoutlf
ham,ya tel wats ur problem
ham,dnt wnt tlk wid u
ham,spend days waiting ideal path appear front us forget paths made walking waiting goodnight
ham,ok arm feeling weak cuz got shot go another time
ham,please reserve ticket saturday eve chennai thirunelvali tirunelvali chennai sunday evei already see netno ticket availablei want book ticket tackle
ham,storming msg wen u lift phne u say hello u knw wt real meaning hello name girl yes u knw dat girl margaret hello girlfrnd f grahmbell invnted telphone moralone get name person
ham,thats ok popped ask bout something said youd around tonght wen girl comes
ham,e best ur exam later
ham,hope ur head doesnt hurt much ploughing way pile ironing staying chinky tonight come round like
ham,oh ki think wi nz players unsold
ham,haha got fast lose weight thk muz go month den got effect geelater go aust put bk e weight
ham,wonder got online love gone net cafe get phone recharged friends net think boytoy
ham,haha kidding papa needs drugs
ham,thk shld b ya wana go lessons haha go one whole stretch
ham,oh ok
ham,r still meeting dinner tonight
ham,shall start hear
ham,wait u lor need feel bad lar
ham,check got detailed message
ham,registered sinco payee log icicibankcom enter urn confirm beware frauds share disclose urn anyone
ham,decided people care stuff vote caring stuff losers
ham,kaiez enjoy ur tuition gee thk e second option sounds beta ill go yan jiu den msg u
ham,cool fun practicing making babies
ham,actually getting ready leave house
ham,kkany special today
spam,urgent important information user today lucky day find log onto fantastic surprise awaiting
ham,gotta
ham,ive got ten bucks jay noncomittal
ham,hungry
ham,pls speak customer machan
ham,somewhere beneath pale moon light someone think u dreams come true goodnite sweet dreams
spam,dear uve invited xchat final attempt contact u txt chat pmsgrcvdhgsuitelandsrowwjhl ldn yrs
ham,wats ur opinion abt abt character
ham,jay snickering tells x totally fucking chords speak
ham,nofew hours beforewent hair cut
ham,wonder cos dun rem seeing silver car thk saw black one
ham,lmao take pic send
ham,speak feel words better silence gud mrng
ham,shes currently scotland
ham,work week
spam,congratulations ur awarded either å£ cd gift vouchers free entry å£ weekly draw txt music tncs winppmxage
ham,lol great im getting hungry
ham,yes saw message
ham,ill mu like seconds
ham,thing r good thanx got exams march ive done revision fran still boyf ive gotta interviw exeter bit worriedx
ham,tell make little spreadsheet track whose idea smoke determine smokes much entire month february
spam,sale arsenal dartboard good condition doubles trebles
ham,dont look back building coat dont want get sick hurry home wear coat gym
ham,painful personal thought always try keep everybody happy time nobody recognises alone
ham,thanks lovely wisheds rock
ham,intrepid duo great time see soon
ham,asked sen come chennai search job
ham,dad went oredi
ham,jus hope true missin cos im really missin havent done anything feel guilty yet
ham,wat late still early mah juz go dinner lor aiya dunno
ham,arms fine hows cardiff uni
ham,fact leave think addie goes back school tues wed
ham,cool breeze bright sun fresh flower twittering birds waiting wish u goodmorning nice day
ham,yagoing restaurant
ham,ok askd u knw tht
spam,free st week entry textpod chance win gb ipod å£ cash every wk txt pod tscs custcare
ham,ducking chinchillas
ham,marriage function
ham,looks like u wil b getting headstart im leaving bout ish u r desperate company could head earlierwe goin meet rummer
ham,donû÷t give flying monkeys wot think certainly donû÷t mind friend mine
spam,registered optin subscriber ur draw å£ gift voucher entered receipt correct ans whats bbc charts
ham,say thanks
ham,msg rajini comes
ham,ya ì taking ure practical lessons start june
ham,thats good need drugs
ham,stupidits possible
ham,ì decide faster cos sis going home liao
spam,summers finally fancy chat flirt sexy singles yr area get matched reply summer free join optout txt stop help
ham,u sleeping going take haha got spys wat online checking n replying mails lor
spam,claire havin borin time alone u wanna cum nite chat hope c u luv claire xx callså£minmoremobsemspoboxpowa
spam,bought one ringtone getting texts costing pound offering tones etc
ham,yalru lyfu astne chikku bt innu mundhe lyf ali halla ke bilo marriageprogram edhae lyf nt yet ovr chikkuali vargu lyfu meow meowd
ham,kinda first one gets twelve aah speak tomo
spam,urgent mobile xxxxxxxxx å£ bonus caller prize nd attempt reach call asap
ham,ok good later come find ì c lucky told ì go earlier later pple take finish ì
ham,wat makes u thk ill fall actually thk im quite prone falls lucky dad home ask come n fetch already
spam,guaranteed latests nokia phone gb ipod mp player å£ prize txt wordcollect tcllc nyusa pmt msgrcvd
ham,wont touch permission
spam,hi lucy hubby meetins day fri b alone hotel u fancy cumin pls leave msg day lucy x callså£minmobsmorelkpoboxhpfl
ham,wonders world th th ur style th ur smile th ur personality rd ur nature nd ur sms st ur lovely friendship good morning dear
ham,take small dose tablet fever
ham,oh u must taken real valentine shopping first
ham,sent email ûò address incomm right
ham,gonna blakes night might able get little early
ham,friendship game play word say doesnt start march ends may tomorrow yesterday today e
ham,nice waitshould texting right im gonna pay ticket ya know
ham,im watching lotr w sis dis aft u wan meet dinner nite
ham,keeping away like
ham,think far find check google maps place dorm
ham,trip ok quite tiring lor uni starts today ok cos im taking modules jus concentrating final yr project
ham,always saying welp
ham,im guy browsin compulsory
ham,purity friendship two smiling reading forwarded messageits smiling seeing name gud evng musthu
ham,add dont really care cant least get dude fuck hey money want
ham,hello lover goes new job happy think wake slave send teasing kiss across sea
ham,told number gautham
ham,tell need investigate anywhere
ham,ok juz receive
ham,cant believe said many things morning really wanted say good morning love beautiful morning see library later
spam,account credited free text messages activate txt word credit tcs
ham,end might still vomit okay everything come
ham,moneyas youmoney aint thinghow sha
ham,everything weather keep extra warm cold nothing serious pls lots vitamin c
ham,hey gals anyone u going e driving centre tmr
ham,im always yahoo messenger send message ill get may send mobile mode sha ill get reply
ham,im putting ready time
ham,time n smile r two crucial things life sometimes time makes us forget smile sometimes someones smile makes us forget time gud noon
spam,sms ac jsco energy high u may know channel day ur leadership skills r strong psychic reply ans wquestion end reply end jsco
ham,hostbased idps linux systems
spam,hot live fantasies call p per min ntt ltd po box croydon cr wb national rate call
ham,dawhats plan
ham,ill ok
ham,oh god im almost home
ham,total video converter free download type google search
spam,thanks vote sing along stars karaoke mobile free link reply sing
ham,sounds like something someone testing would sayy
ham,u love someone dont make love u much u love much dont want loved anyone except gud nit
ham,peteis phone still jenny college leannewhat
ham,oops sorry check dont mind picking tomo half eight station would ok
ham,hey sweet wondering moment might come want send file someone wont go yahoo connection sucks remember set page go download format disc could tell know way download big files download stuff directly internet help would great prey teasing kiss
ham,hows champ leaving glasgow
ham,kall bestcongrats
ham,wonder youll get text
ham,need come home give good lovin
spam,brand new mobile music service live free music player arrive shortly install phone browse content top artists
ham,shall ask one thing dont mistake
ham,check wid corect speling ie sarcasm
spam,urgent mobile awarded å£ bonus caller prize nd attempt contact call boxqu bt national rate
ham,angry happen dear
ham,thk u dun haf hint e forum already lor cos told ron n darren going tell shuhui
ham,yup ok thanx
ham,hicts employee
ham,pls pls find aunt nike
ham,wow love sooo much know barely stand wonder day goes well love think miss
ham,screaming means shouting
ham,hey happen de alright
ham,picked receipt something earlier
ham,think chennai well settled
ham,oh dang didnt mean send lol
ham,unfortunately ive found pick sister airport evening dont think ill going try go one th
ham,horrible bf v hungry
ham,remember day
spam,nokia get win free auction take part send nokia hgsuitelands rowwjhl
ham,hows feel mr real valentine yo valentine even tho u hardly play
ham,sounds good fingers makes difficult type
ham,midnight earliest
ham,youre sure im trying make xavier smoke dont want smoke told smoke much
ham,k come nordstrom youre done
ham,u konw waht rael friendship im gving yuo exmpel jsut ese tihs msg evrey splleing tihs msg wrnog bt sitll yuo raed wihtuot ayn mitsake goodnight nice sleepsweet dreams
ham,press conference da
spam,hello orange months free access games news sport plus free texts photo messages reply yes terms apply
ham,completed degree use joining finance
ham,good afternoon love job prospects missing lazy bleak hmmm happy filled love
ham,shant disturb u anymore jia
ham,bishan lar nearer need buy early cos buy gotta park car
ham,dont know oh
ham,dude sux snake got old raiden got buff
ham,says hi get ass back south tampa preferably kegger
ham,e msg jus u said thanks gift
ham,ok dear call chechi
ham,yeah totes u wanna
ham,ok found dis pierre cardin one looks normal costs sale
ham,good sleep rhythm person establish rhythm body learn use want know
ham,wat r u
ham,message truro hospital ext phone phone side
ham,single line big meaning miss anything ur best life
ham,got gas money chance gang want go grand nature adventure
ham,dnt worryuse ice pieces cloth packalso take tablets
ham,dude saw parked car sunroof popped sux
ham,get ready put excellent sub face
ham,tmrw im finishing doors
ham,g saw days ago guy wants sell wifi g thats blanked
ham,late
ham,whatever im pretty pissed
ham,dont much image class
ham,noi got rumour going buy apartment chennai
ham,near kalainar tv officethenampet
spam,ur cashbalance currently pounds maximize ur cashin send go pmsg cc hgsuitelands rowwjhl
spam,sms auction brand new nokia auction today auction free join take part txt nokia hgsuitelands rowwjhl
ham,sis catching e show e afternoon im watching w c u wan watch today tmr lor
ham,sounds gd haha wah u yan jiu fast liao
ham,nosy guess idk reacting im freaked
ham,remember hurt days satanic imposter meneed pay priceso itmay destiny keep going u said pray get mind get
ham,make girl happy difficult make girls happy u need friend companion lover chef good listener organizer good boyfriend clean sympathetic athletic warm courageous determined true dependable intelligent psychologist pest exterminator psychiatrist healer stylist driver aaniye pudunga venaam
ham,princess bet brothas chasing
ham,shall book chez jules half eight thats ok
ham,hhahhaahahah rofl wtf nig leonardo room something
ham,yep dereks house see sunday
ham,cool let know kicks around ill day
ham,wondering would okay call uncle john let know things nigeria r dollars years sent know strain plan pay back every dime gives every dime expect anything practical something like
ham,charges transfer charges withdraw anyhow like
ham,dont search love let love find u thats called falling love bcoz u dont force u fall u know smeone hold u bslvyl
ham,lets go bill millers
ham,love set soul fire spark flame big rawring flame xoxo
ham,somewhr someone surely made u god decided perfect time make u meet dat person till den enjoy ur crushes
ham,thats honeymoon outfit
ham,help propose going back tomorrow
ham,never blame day ur life good days give u happiness bad days give u experience essential life gods blessings good morning
ham,pls confirm time collect cheque
spam,registered subscriber yr draw å£ gift voucher b entered receipt correct ans next olympics txt ans
spam,urgent mobile number awarded å£ prize guaranteed call land line claim valid hrs ppm
ham,daddy take good care
ham,yeah probably still gotta check leo
ham,kthen special
ham,carlos taking sweet time usual let know patty donewant smoke ill tell haul ass
ham,ok pa nothing problem
ham,heard job im going wildlife talk tonight u wantcome thatworzels wizzle whatever
ham,god picked flower dippeditinadew lovingly touched itwhichturnedinto u gifted tomeandsaidthis friend u
ham,came hostel
ham,ok prob ill come lunch
ham,jus telling u dat ill b leaving shanghai st instead well haf time meet cya
ham,freezing home yet remember kiss mom morning love think missing yet
ham,ready big day tomorrow
ham,ill probably around mu lot
spam,rtking pro video club need help call must club credits redeemable enjoy
ham,thnx dude u guys nite
ham,sef dey laugh meanwhile hows darling anjie
ham,mm food da
ham,k makes sense btw carlos difficult guys gonna smoke go pick second batch get gas
ham,u download fring app
ham,oz guy kinda flaky one friend interested picking worth tonight possible
ham,friends u stay fb chat
ham,fuck babe miss sooooo much wish sleep bed lonely go sleep dream love
ham,living simple loving also simple laughing simple winning tooo simple simple difficult gud nte
ham,ah well confuses things doesnû÷t
spam,free text msgs text ok well credit account
ham,hi dear call urgnt dont know whats problem dont want work problem least tell wating reply
ham,dear ok
spam,selected stay top british hotels nothing holiday worth å£ claim call london bx swss
ham,yes princess want make happy
ham,sounds like many talents would like go dinner date next week
ham,going film day da pm sorry da
ham,watching movie already xy wants shop im shopping w
ham,hello little party animal thought id buzz friends grins reminding loved send naughty adoring kiss
ham,yesterday going home
spam,eerie nokia tones u rply tone title eg tone dracula titles ghost addamsfa munsters exorcist twilight poboxwwq p
ham,come life brought sun shiny warming heart putting constant smile face making feel loved cared
ham,shit wasnt surprised went spent evening french guy met town fooled around bit didnt let fuck
spam,anetworks allow companies bill sms responsible suppliers
ham,great comedycant stop laughing da
spam,freemsgfeelin kinda lnly hope u like keep company jst got cam moby wanna c pictxt reply date msgp rcv hlp stop
ham,alright set text man
ham,hi theyre keen go kind feel shouldnt go tomo dont mind
ham,sleeping nt feeling well
ham,u switch fone dammit
ham,india take lead
ham,ill post lr class
ham,thts wat wright brother fly
ham,evening v good somewhat event laden fill dont worry û head ok throat wrecked see six
ham,u laugh really loud u talk spontaneously u dont care others feel u probably dear best friends goodevening dear
ham,laptop take
ham,dont file bagi work called mei tell find anything room
ham,wan early lei outside wun b home early neva mind
spam,ur chance win å£ cash every wk txt action tscs custcare xpwk
ham,bugis juz wat im walking home oredi ìï late reply oso saw top dat like din buy r ì
ham,go ok na
ham,yes posted couple pics fb theres still snow outside im waking
ham,sif one good partnership going take lead
spam,rgent nd attempt contact uu å£ call b tcsbcmwcnxx callcost ppm mobilesvary maxå£
ham,yeah wheres class
ham,send bec temple na
ham,arent coming home class right need work shower
spam,hi ur lookin saucy daytime fun wiv busty married woman free next week chat sort time janinexx callså£minmobsmorelkpoboxhpfl
ham,mostly like
ham,ìï v fan
ham,dunno cos v late n reach inside already ate spageddies lor e gals r laughing lor
ham,guess spent last night phasing fourth dimension
ham,dad gonna call gets work ask crazy questions
ham,yesbut said
ham,hurting n meaningful lines ever compromised everything love
ham,lmaonice
ham,glad see reply
spam,urgent trying contact u todays draw shows å£ prize guaranteed call land line claim valid hrs
spam,monthly password wap mobsicom use wap phone pc
ham,nah dub je still buff
ham,painful words thought happy toughest thing earth
ham,yeah thats fine å£ get ok
ham,lol u come ideas
ham,many people seems special first sight remain special till last sight maintain till life ends shjas
ham,okay wait ah
ham,lei
ham,hi babe u r likely bed im sorry tonight really wanna see u tomorrow call love xxx
ham,already squatting new way walking
ham,want bold bb torch
ham,cramps stopped going back sleep
spam,todays vodafone numbers ending last four digits selected received å£ award number matches please call claim å£ award
spam,free top ringtone sub weekly ringtoneget st week freesend subpoly per weekstop sms
ham,nan sonathaya soladha boss
ham,bring tat cd forget
ham,dont know im raping dudes poker
ham,weightloss girl friends make loads money ebay something give thanks god
ham,gr see message r u leaving congrats dear school wat r ur plans
ham,ìï eatin later im eatin wif frens lei ìï going home first
ham,finish already yar keep saying mushy embarrassed ok
ham,sorry man stash ran dry last night cant pick sunday
ham,hai priya right doctor said pa
spam,free msg sorry service ordered could delivered sufficient credit please top receive service
ham,please ask mummy call father
ham,come room cannot come house cos house still messy haha
ham,lost kilos today
ham,taste fish curry p
ham,might accidant tookplace somewhere ghodbandar rd traffic moves slovely plz slip dont worry
ham,yun ahnow ì wkg wherebtw ì go nus sc ìï wana specialise wad
ham,yes one woman man please tell likes dislikes bed
ham,test earlier appreciate call tomorrow
ham,hows loverboy keeps coming queen hmmm doesnt ache speak miss desparately
ham,u meet fren dun wan meet ah muz b guy rite
ham,promises though havent even gotten dinner yet
ham,got back dislikes bed
ham,turns stereo love mi phone unknown album
spam,hard live chat pmin choose girl connect live call cheap chat uks biggest live service vu bcmwcnxx
ham,yeah dont see
ham,asking u knw nt may ur frnds classmates
ham,sorry earlier putting firesare around talk actually life lol
spam,wow boys r back take uk tour win vip tickets prebook vip club txt club trackmarque ltd
ham,missionary hook doggy hook standing
ham,u better go sleep dun disturb u liao u wake msg lor
ham,watching house ûò entertaining ûò getting whole hugh laurie thing ûò even stick ûò indeed especially stick
ham,thought praps meant another one goodo ill look tomorrow
ham,hi jon pete ive bin spain recently hav sum dinero left bill said u ur åôrents mayb interested hav pes around å£ tb james
ham,bold
ham,know shall speak minutes
ham,alrite hunnywot u nite didnt end goin town jus da pub instead jus chillin da mo bedroomlove jen xxx
ham,went project centre
ham,per request maangalyam alaipayuthe set callertune callers press copy friends callertune
ham,lol yeah point guess
ham,project w frens lor
ham,lol well quality aint bad aint complaining
ham,k happen tonight
spam,hi mandy sullivan calling hotmix fmyou chosen receive å£ easter prize drawplease telephone claim prize transferred someone else
ham,think going finns come
ham,tired special
ham,come tomorrow di
ham,k go sleep well take rest
ham,u guys never invite anywhere
spam,ur going bahamas callfreefone speak live operator claim either bahamas cruise ofå£ cash opt txt x
ham,want please inside outside bedroom
ham,ey calm downon theacusations itxt u cos iwana know wotu r doin thewend haventcn u agesring ur nething satlove j xxx
ham,love wine dine lady
spam,someone conacted dating service entered phone fancy youto find call landline poboxntf
ham,iåõm cool ta luv vtired cause doin loads planning wk got social services inspection nursery take care spk sn x
ham,know account detailsi ask mom send youmy mom reach
ham,think u wrong number
ham,feel always happy slowly becomes habit finally becomes part life follow happy morning happy day
ham,b late love mum
ham,got itmail panren paru
ham,thinking chuckin ur red green n black trainners save carryin bac train
ham,give one miss number please
ham,jus came back fr lunch wif sis u leh
ham,schedule next week town weekend
ham,really gooddhanush rocks
ham,lmao ok wont needing u hair anymore
ham,miss ya need ya want ya love ya
ham,sorry im free
ham,u ever get song stuck head reason wont go away til u listen like times
ham,nt yet chikkusimple habbahw abt u
ham,got ur mail dileepthank muchand look forward lots supportvery less contacts hereremember one venugopal mentionedtomorrow latei shall try come till theregoodnight dear
ham,sometimes heart remembrs someone much forgets someone soon bcoz heart like everyone liked ones remembered everytime bslvyl
ham,joys father john john name joys father mandan
spam,hi ibh customer loyalty offer new nokia mobile å£ txtauctiontxt wordstart get nowt
ham,hi yijue regarding textbook intro algorithms second edition im selling
spam,sms auction nokia get win free auction take part send nokia hgsuitelands rowwjhl
ham,k want us come
ham,little difficult simple way enter place
ham,ha us e thing got tv watch u thk go tonight u already haf smth mind
ham,dont show far put new pictures facebook
ham,watching tv got new job
ham,good afternoon sexy buns goes job search wake first thought always love wish fine happy know adore
ham,im coming whatever want
ham,ok chikku favourite song
ham,u see posted facebook
spam,call freephone
spam,buy space invaders chance win orig arcade game console press games arcade std wap charge see ocoukgames terms settings purchase
spam,big brother alert computer selected u k cash voucher call ntt po box cro bt landline cost ppm mobiles vary
ham,oh well c u later
ham,uncles atlanta wish guys great semester
ham,dear free messages without recharge hi hi hi
ham,dun believe u thk u told
ham,know god created gap fingers one made comes fills gaps holding hand love
ham,yessura sun tvlol
ham,arun u transfr amt
ham,takin shower yeah ill leave im done
ham,working eyes philosophy text u later bit free chat
ham,u havenåõt lost ill always b ui didnåõt intend hurt u never knew u felt iwasmarinethatåõs itriedtell urmomi careabout u
spam,win winner mr foley ipod exciting prizes soon keep eye ur mobile visit
ham,bad girl still remember
ham,much gave morning
ham,hope alright babe worry might felt bit desparate learned job fake waiting come back love
ham,hey tell blakes address carlos wanted meet got lost hes answering phone
ham,get opinion something first
ham,one week leave put know time
ham,hit move
ham,excellent spent years air force iraq afghanistan stable honest like traveling
ham,wanna watch movie
ham,ok lor thanx ìï school
ham,im class get text
ham,bus leaves
ham,god blessget good sleep deari pray
spam,todays voda numbers ending selected receive å£award match please call quoting claim code standard rates app
ham,nice day today love dearly
ham,aiyo bit pai seh ì noe scared dun rem die hee become better lookin oredi leh
ham,aight ill ask roommates
ham,whats house beer
ham,ì wan meet n combine parts hows da rest da project going
ham,getting tickets walsall tue th march mate getting sat ill pay treat want go txt bak terry
ham,yes chatting
ham,hi jess dont know work call u im home eve xxx
ham,sian aft meeting supervisor got work liao u working
ham,going write ccna exam week
ham,well watch shrek db
ham,much dirty fellow
ham,dunno dats wat told ok lor
ham,ill probably tomorrow even later tonight somethings going
ham,couldnt say dying man feel sad go wanted know would probably gone late night
ham,youre thinking lifting one
ham,u dun wan u dun like already ah wat u still eating
ham,sent ur email id soon
ham,dude whats teresa hope okay didnt hear people called received package since dec thot yould like know fantastic year best reading plus really really bam first aid usmle work done
ham,hey gorgeous man work mobile number good one babe squishy mwahs
spam,hottest pics straight phone see getting wet wanting xx text pics txt costs p textoperator gga xxx
ham,thats way stay oh
ham,hello thanx taking call got job starts monday
ham,time ur flight tmr
ham,come
ham,rather prominent bite mark right cheek
ham,september
ham,wet right
ham,hows husband
spam,hack chat get backdoor entry chat rooms fraction cost reply neo call subscribe p pm dps bcm box ldn wcnxx
ham,norm tomorrow finish cos st tests need sort library stuff point tomo got letter today access til end march better get move
ham,yeah got list u joanna im feeling really anti social
ham,office na
ham,comingdown later
ham,super dagood replacement murali
ham,da good good playerwhy unsold
ham,hi u want join sts later meeting five call u class
ham,engalnd telly decided wont let watch mia elliot kissing damn
spam,free nokia motorola upto mths price linerental free xnet minstxtmth free btooth call mobileupd call optoutdwv
ham,dont want hear philosophy say happen
ham,got job wiproyou get every thing life years
ham,cant get da laptop matric card wif ì lei
ham,dunno da next show aft toa payoh got
spam,nd time tried contact u u pound prize claim easy call p per min btnationalrate
ham,made payments dont much sorry would want fedex way
ham,didt play one day last year know even though good team like india
ham,kyou girl waiting reception ah
ham,say slowly godi love need youclean heart bloodsend ten special people u c miracle tomorrow itplspls
ham,hate turns fun shopping trip annoying day everything would look house
ham,sir waiting call
ham,whats want come online
ham,could work well reach consensus next meeting
ham,aiyah wait lor u entertain hee
ham,last thing ever wanted hurt didnt think would youd laugh embarassed delete tag keep going far knew wasnt even fact even felt like would hurt shows really dont know messy wednesday wasnt bad problem time clean choose skype take pictures sleep want go dont mind things dont make bed throw laundry top cant friend house im embarassed theres underwear bras strewn bed pillows floor thats something else used good least making bed
ham,ill let know kicks
ham,call ok said call
ham,call number available appointment ask connect call waheed fathima
ham,ì go buy wif meet ì later
ham,mmmm fuck fair know weaknesses grins pushes knees exposes belly pulls head dont forget know wicked smile
ham,today system sh get readyall well also deep well
ham,mom wants know
ham,aight ill text im back
ham,dont know supports ass srt thnk think ps play usb
ham,oh ok didnt know meant yep baby jontin
spam,guaranteed å£ cash å£ prizeto claim yr prize call customer service representative
spam,would like see xxx pics hot nearly banned uk
ham,pen thing beyond joke wont biro dont masters cant ever
ham,party alex nichols
ham,seeing missed call dear brother gr day
ham,ok ìï finishing soon
ham,sorry cant help
ham,come slave going shell unconsciously avoiding making unhappy
ham,love ass enjoy doggy style
ham,think asking gym excuse lazy people jog
spam,dear xxxxxxx uve invited xchat final attempt contact u txt chat pmsgrcvdhgsuitelandsrowwjhl ldn yrs
spam,urgent please call landline abta complimentary tenerife holiday å£ cash await collection sae tcs box cwwx ppm
ham,way home long dry spell season would
ham,gotta collect da car lei
ham,ok knackered came home went sleep good full time work lark
ham,probably earlier stations think
spam,call listen extreme dirty live chat going office right total privacy one knows sic listening p min mp
spam,freemsg hey u got videopic fones reply wild txt ill send u pics hurry im bored work xxx prcvd stopstop
ham,uh heads dont much left
ham,tot u outside cos darren say u come shopping course nice wat jus went sim lim look mp player
ham,aight sounds good want come
ham,wat would u like ur birthday
ham,love working home
ham,miss vday parachute double coins u must know well
ham,sister got placed birla soft da
spam,free entry weekly comp chance win ipod txt pod get entry std txt rate tcs apply details
ham,wah okie okie muz make use e unlimited haha
ham,therere people mu im table lambda
ham,stop old man get build snowman snow angels snowball fights
ham,ello babe u ok
ham,hello beautiful r u ok ive kinda ad row wiv walked pub wanted night wiv u miss u
ham,u going ikea str aft dat
ham,becoz jan whn al post ofice holiday cn go fr post oficegot duffer
ham,lol grr mom taking forever prescription pharmacy like minutes away ugh
ham,real tho sucks cant even cook whole electricity im hungry
ham,want go
spam,new textbuddy chat horny guys ur area p free receive search postcode gaytextbuddycom txt one name rpl stop cnl
ham,time month mid time
ham,fffff text kadeem far gone
ham,leaving yet ok lor go elsewhere n eat u thk
ham,fujitsu series lifebook good
ham,yar wanted scold u yest late already got zhong se qing u ask b ask ill go w u lor n u still act real
ham,dont know bring food
ham,current food alone also
ham,ill sch fr dun haf da book sch home
ham,hello going village pub either come accordingly ok
ham,call like times oh give us hypertension oh
ham,dont give monkeys wot think certainly dont mind friend mineall dont sleep wiv wud annoyin
ham,omg could snow tonite
spam,call tells u call claim å£ prize u enter ur mobile personal details prompts careful
spam,free st week entry textpod chance win gb ipod å£ cash every wk txt vpod tscs custcare
ham,carry disturbing
ham,pa tell went bath
ham,jus finished avatar nigro
ham,r u scratching
ham,hope great day
ham,either ideas know anyplaces something
ham,planning usually stops find hella weed
ham,fact youre cleaning shows know im upset priority constantly want
ham,excellent ready moan scream ecstasy
spam,people dogging area call join like minded guys arrange theres evening aå£ minapn lsbb
ham,dude avatar imp one point thought actually flies room almost tried hittng one reflex
spam,well done costa del sol holiday å£ await collection call toclaim sae tcs pobox stockport skxh costå£pm maxmins
ham,kkwhy cant come search job
ham,got lousy sleep kept waking every hours see cat wanted come worry cold
ham,yeah ill leave couple minutes let know get mu
ham,ì call make sure dat ive woken
ham,hey go jazz power yoga hip hop kb yogasana
ham,battery mr adewale uncle aka egbon
ham,wait minstand bus stop
ham,oh ic thought meant mary jane
ham,haha really oh deduct lesson tmr
ham,nah im goin wrks j wot bout u
ham,eat shit wait ur monkey face bitch u asshole
ham,good night going sleep
ham,aight ill grab something eat text youre back mu
ham,take something pain moves however side next hrs see doctor
ham,lol oh babe wont sliding place midnight thanks invite
ham,howz persons story
ham,lol would awesome payback
spam,free text messages valid december
ham,honeybee said im sweetest world god laughed said waitu havnt met person reading msg moral even god crack jokes gmgngegn
ham,thanks tescos quite nice gone speak soon
ham,whats feathery bowa something guys dont know
ham,even cant close eyes vava playing umma
ham,laptop noe infra slow lar wan fast one
spam,guaranteed å£ award even å£ cashto claim ur award call free stop getstop php
ham,nvm ok
ham,enjoy ur life good night
ham,yes meet town cos go gep home could text bus stop dont worry well finished march û ish
ham,thats cool cum
ham,delhi chennai still silent
ham,lol alright thinkin haha
spam,reply win å£ weekly fifa world cup held send stop end service
ham,im boat still moms check yo im half naked
ham,shhhhh nobody supposed know
ham,sorry ill call later meeting thing related trade please call arul
ham,hey late im amk need drink tea coffee
spam,urgent please call landline abta complimentary tenerife holiday cash await collection sae tcs box cwwx ppm
ham,length e e top shorter n got fringe thk im going liao lazy dun wan distract u also
ham,santha num corrct dane
ham,baskets gettin full might tonight
ham,hi darlin ive got back really nice night thanks much lift see u tomorrow xxx
ham,valentines huh proof fb page ugh im glad really didnt watch rupaul show tool
spam,free tones hope enjoyed new content text stop unsubscribe helpp provided tonesyoucouk
ham,eh den sat u book e kb liao huh
ham,practising curtsey
ham,lol boo hoping laugh
ham,yeh def something sat
ham,well leave class babe never came back hope nice sleep love
ham,lmao wheres fish memory need
ham,ill b going sch mon sis need take smth
ham,idea soon get converted live
spam,themobyo yo yohere comes new selection hot downloads members get free click open next link sent ur fone
ham,ssindia going draw series many years south african soil
ham,cant take major roles community outreach rock mel
ham,shopping lor raining mah hard leave orchard
ham,hi birth lb oz mother baby brilliantly
ham,see forwarding message proof
ham,cant keep going never intention run choose rather keep room clean dont say visitors maybe thats best choice yes wanted embarassed maybe youd feel feel friend wants drop buy say happened morning ive tried everything dont know else
ham,dunno lei thk mum lazy go neva ask yet
ham,whatever want know rules talk earlier week start happening showing responsibility yet every week bend rule way way whatever im tired thia argument every week movie doesnt inlude previews youre still getting
ham,beautiful truth gravity read carefully heart feels light someone feels heavy someone leaves goodmorning
spam,great news call freefone claim guaranteed å£ cash å£ gift speak live operator
ham,ambrithmaduraimet u arun dha marrgeremembr
ham,read shame tell takes runs blame u ever really ever long time
ham,princess kitty shaved natural
ham,better bb wont use wife doctor
ham,ya came ago
ham,tomorrow onwards eve work
ham,anything lor toa payoh got place walk meh
ham,dont anybodys number still havent thought tactful way ask alex
spam,u win å£ music gift vouchers every week starting txt word draw tscs skillgamewinaweek ageppermesssubscription
ham,movie theatre go watch unlimited movies pay
ham,u lunch alone bored
ham,yes obviously eggspert potato headû speak soon
ham,nah man car meant crammed full people
ham,got new job bar airport satsgettin per hour means lie keep touch
ham,kallis ready bat nd innings
ham,thanx birthday already
ham,ugh cant u apologize admit u wrong ask take u back
ham,noe la u wana pei bf oso rite k lor days den
ham,yes im small kid boost secret energy
ham,im gonna miss u much
ham,avatar supposed subtoitles
ham,simply sitting watching match office
ham,jot things want remember later
ham,oh sorry please
ham,hey going lo lesson gym
ham,dont pack buy storelike cereals must pack food pack gari something ja miss
ham,always make things bigger
ham,ìï dun wan watch infernal affair
ham,waking afternoon sup
ham,send pic like
ham,okay booked already including one bugis
ham,aight fuck ill get later
ham,de call time ill tell k
ham,dont use hook
ham,much blackberry bold nigeria
ham,hi home calicut
ham,hey darlin pick u college u tell wen mt love pete xx
spam,call use ur mins calls cast pmin mob vary service provided aom gbpmonth aom boxm er u stop ages
ham,oh thkin goin yogasana den nd go den rush parco nb okie lor u call ready
ham,late need go n get da laptop
ham,please charge mobile get morning
ham,nothing got msg frm tht unknown
ham,ugh fuck im resubbing eve
ham,didnt see shadow get early spring yay
ham,one slice one breadstick lol
ham,hey want crave miss need love ahmad saeed al hallaq
ham,training tomorrow
spam,urgent mobile å£ bonus caller prize nd attempt reach call asap boxnqp ppm
ham,pass dis ur contacts n see wat u get redim luv wid u blueu put smile face purpleu r realy hot pinku r swt orangei thnk lyk u greeni realy wana go wid u yelowi wnt u bck blackim jealous u browni miss nw plz giv one color
ham,cos daddy arranging time c wat time fetch ì mah
ham,eldest know
ham,whos say hi drugdealer
ham,hard believe things like say lie think twice saying anything
spam,sexy singles waiting text age followed gender wither f egf gay men text age followed g egg
ham,good night dear sleepwelltake care
ham,wondarfull song
spam,freemsg claim ur sms messagestext ok nowuse webmobile ur mates etc join txtcom pwk tc box lawu remove txtx stop
ham,yar lor actually quite fast cos da ge slow wat haha
ham,must come later normally bathe da afternoon mah
ham,trust even isnt
ham,hey hunonbus goin meet wants go meal donyt feel like cuz get last bus homebut hes sweet latelyxxx
spam,freeringtonereply real
ham,take like noon
ham,opening mca
ham,im aight wats happening side
ham,im done oredi
ham,sweet well princess please tell likes dislikes bed
ham,wish great semester
ham,moji love words rich day
ham,dude like buff wind
ham,alright babe
spam,well done england get official poly ringtone colour flag yer mobile text tone flag optout txt eng stop box wwx å£
ham,im cant give everything want need actually could better yor ownyouve got money cant get work cant get man cant pay rent cant even fill fucking gas tank yes im stressed depressed didnt even call home thanksgiving cuz ill tell im nothing
ham,skallis wont play first two odi
ham,get cash together ill text jason
ham,oh love soooo good hear omg missed much today im sorry problems provider thank tming
spam,final chance claim ur å£ worth discount vouchers today text yes savamob member offers mobile cs savamob pobox muz å£ subs
ham,probably want pick
ham,im done
ham,cutest girl world
ham,dice art class thru thanks though idea time come tomorrow
spam,sms services inclusive text credits pls goto login unsubscribe stop extra charge help po box ip
ham,oh howda gud gud mathe en samachara chikku
ham,thk lor dunno get tickets wat u
ham,audrie lousy autocorrect
ham,site simulate test gives tough questions test readiness
ham,anyway seriously hit youre back otherwise light armand always shit andor vomiting
ham,fetch yun u fetch
ham,thank like well
ham,hmmm imagine youve come home rub feet make dinner help get ready date sure ready kind life
ham,lara said loan
ham,spare power supplies
ham,yar quite clever aft many guesses lor got ask bring thk darren willing go aiya thk leona still attach wat
spam,winner specially selected receive å£ cash å£ award speak live operator claim call ampm cost p
ham,yeah dont go bed ill back midnight
spam,sunshine hols claim ur med holiday send stamped self address envelope drinks us uk po box bray wicklow eire quiz starts saturday unsub stop
ham,well wasnt available washob nobbing last night ask nickey platt instead
ham,time week ryan
ham,wish u many many returns day happy birthday vikky
spam,u win å£ music gift vouchers every week starting txt word draw tscs skillgame winaweek age ppermesssubscription
ham,hope know im still mad
ham,argh g spotty anyway thing remember research province sterling problemfree places looked
ham,xam hall boy asked girl tell starting term dis answer den manage lot hesitation n lookin around silently said intha ponnungale ipaditan
ham,know result
ham,sorry im getting feel really bad totally rejected kinda thing
ham,got shitload diamonds though
ham,tessypls favor pls convey birthday wishes nimyapls dnt forget today birthday shijas
ham,well im going aunty
ham,mine like fr china noisy
ham,later guess needa mcat study
ham,sfrom training manual show tech processits password reset troubleshooting
spam,bu voucher wc marsms log onto discount credit opt reply stop customer care call
ham,spoke uncle john today strongly feels need sacrifice keep hes going call beg listen dont make promises make clear things easy need please let us work things long keep expecting help creativity stifled pls keep happy promises part
ham,carlos took leave minute
ham,well done luv ya
ham,k still loving
ham,juz remembered gotta bathe dog today
ham,drug able eat
ham,alright took morphine back yo
ham,see requirements please
ham,stayin trouble strangersaw dave day heåõs sorted nowstill bloke u gona get girl mrur mum still thinks get getha
spam,freemsg hey im buffy love satisfy men home alone feeling randy reply c pix qlynnbv helpp msg send stop stop txts
ham,collect ur laptop
ham,ok later showing around want cld drink wld prefer spend money nosh dont mind nxt wk
ham,get home
ham,waaaat lololo ok next time
ham,tables occupied im waiting tree
ham,surely dont forgot comei always touch
ham,hi kindly give us back documents submitted loan stapati
ham,dont shall buy one dear
ham,oh god happy see message days
ham,year many miles
ham,hey cutie goes wales kinda ok like hills shit still avent killed
ham,sad story man last week bday wife didnt wish parents forgot n kids went work even colleagues wish entered cabin pa said happy bday boss felt special askd lunch lunch invited apartment went said u mind go bedroom minute ok sed sexy mood came minuts latr wid caken wife parents kidz friends n colleagues screaming surprise waiting sofa naked
ham,think go honesty road call bank tomorrow tough decisions make us great people
spam,free st week nokia tone ur mob every week txt nokia get txting tell ur mates zed pobox wwq normptone
ham,specialisation work slave labor look month sha cos shakara beggar
ham,replying boye changed phone number
ham,hi darlin im way london smashed another driver big dent im really missing u u xxx
ham,nothing really making sure everybodys speed
ham,im coming home dinner
ham,thank way lost
ham,yeshe good crickiting mind
ham,thx well months
ham,please come imin towndontmatter urgoin outlr
ham,wont wats wit guys
ham,yavnt tried yet never played original either
ham,hiya good day spoken since weekend
ham,see thought
ham,get ready moan scream
ham,oh k got job whats
ham,dont think dont need going late school night especially one class one missed last wednesday probably failed test friday
ham,popping ibuprofens help
ham,babe goes day sip cappuccino think love send kiss across sea
ham,ps u ur grown right
ham,chinatown got porridge claypot rice yam cake fishhead beehoon either eat cheap den go cafe n tok go nydc somethin
ham,know people hit fuck yes
ham,purity friendship two smiling reading forwarded messageits smiling seeing name gud evng
ham,anything specific regards jaklin idk fuck
ham,oh god im gonna google nearby cliffs
spam,free camera phones linerental month cross ntwk mins price txt bundle deals also avble call calloptoutj mf
ham,yup shd haf ard pages add figures ìï got many pages
ham,ooh got im gonna start belly dancing moseley weds u want join cafe
ham,thankyou much call appreciate care
ham,congrats treat pendingi mail dayswill mail thrurespect mother homecheck mails
ham,called one pick e phone ask already said ok
ham,hi email address changed
ham,valuable affectionate loveable eternal noble truthful intimate natural enamous happy valentines day advance
ham,much textin bout
ham,bring got
ham,im movie call wat
ham,sure stomach
ham,haha im dinner cousin
ham,boy late home father power frndship
ham,man carlos definitely coming mu tonight excuses
ham,soon real thing princess make wet
ham,rajipls favour pls convey birthday wishes nimya pls today birthday
ham,haha legs neck killing amigos hoping end night burn think could swing like hour
spam,urgent mobile xxxxxxxxx å£ bonus caller prize nd attempt reach call asap boxnqp ppm
ham,usually body takes care buy making sure doesnt progress pls continue talk saturday
spam,urgent costa del sol holiday å£ await collection call toclaim sae tc pobox stockport skxh costå£pm maxmins
ham,hmm well night night
ham,wanted say holy shit guys werent kidding bud
ham,gettin bit arty collages mo well tryin ne way got roast min lovely shall enjoy
ham,one days billion classes right
ham,goodmorning today late hrs back pain
ham,ok ill let noe later n ask call u tmr
ham,ok im waliking ard u wan buy anything go ur house
ham,two cartons u pleased shelves
ham,nice talking please dont forget pix want see
spam,guaranteed å£ cash å£ prize claim yr prize call customer service representative ampm cost p
ham,really quite funny lor wat u shd haf run shorter distance wat
ham,notice like looking shit mirror youre turning right freak
ham,great getting worried know wonderful caring person like best life know u r wonderful gods love
spam,thanks ringtone order ref number k mobile charged å£ tone arrive please call customer services
ham,prefer free days tues wed fri oso ìï ask workin lor
ham,alrite jod hows revision goin keris bin doin smidgin n e way u wanna cum collegexx
ham,belive come home
ham,oh kkwhere take test
ham,exact intentions
ham,haha money leh later got go tuition haha looking empty slots driving lessons
ham,hey thk juz go accordin wat discussed yest lor except kb sun cos theres nt much lesson go attend kb sat
ham,k wen ur free come home also tel vikky hav sent mail also better come evening il free today aftr pm
ham,nothing getting msgs dis name wit different nos
ham,whats room number wanna make sure im knocking right door
ham,sicomo nolistenedthe plaid albumquite gdthe new air hilariousalso boughtåóbraindanceåóa compofstuff aphexåõs abel
ham,pls tell nelson bbs longer comin money expecting aint coming
ham,give something drink takes doesnt vomit temp might drop unmits however let know
ham,think sent text home phone cant display texts still want send number
ham,every day use sleep
ham,k ill call im close
ham,u buy newspapers already
ham,nope wif sis lor aft bathing dog bathe looks like going rain soon
ham,boo im way moms shes making tortilla soup yummmm
ham,management puzzeles
ham,find way didnt include details
spam,hi ya babe x u goten bout scammers getting smartthough regular vodafone respond get prem rate msgsubscription nos used also beware
spam,back work morro half term u c nite sexy passion b go back chat luv dena calls å£minmobsmorelkpoboxhpfl
ham,like spoiled
spam,thanks ringtone order ref number r mobile charged å£ tone arrive please call customer services
ham,getting threats sales executive shifad raised complaint official message
ham,hope things went well doctors reminds still need godid u c little thing left lounge
ham,den wat e schedule b lk sun
ham,lol enjoy role playing much
ham,ok watching tv
ham,lov line hurt truth
ham,checked heading drop stuff
ham,got lots hair dresser fr china
ham,sad story man last week bday wife didnt wish parents forgot n kids went work even colleagues wish
ham,ill call evening ill ideas
spam,splashmobile choose gr tones wk subscrition service weekly tones costing p u one credit kick back enjoy
ham,show wot say could u c dust
ham,take min
spam,heard u call rude chat private line cum wan c pics gettin shagged text pix end send stop sam xxx
spam,free entry å£ weekly comp send word enter tc
ham,finish liao u
spam,lost pound help
ham,haha think
ham,u know watchin lido
ham,life spend someone lifetime may meaningless moments spent someone really love means life
ham,haha awesome ive u couple times alls coming
ham,cold dont sad dear
ham,think could stop like hour roommates looking stock trip
ham,telly brdget jones
ham,hello r u im bored inever thought id get bored tv tell something exciting happened anything
ham,hmmbad newshype park plaza studio takenonly left bedrm
ham,r ì comin back dinner
ham,hav almost reached call unable connect u
ham,waited yesterday
ham,reach home safe n sound liao
ham,velly good yes please
ham,hi wkend ok journey terrible wk good huge back log marking
ham,two letters copy cos one message speak soon
ham,alex knows guy sells mids hes south tampa dont think could set like
ham,dont message offer
spam,mobile mths update free oranges latest colour camera mobiles unlimited weekend calls call mobile upd freefone stoptx
ham,hey babe u doin wot u nite love annie x
ham,remind get shall
ham,thats v romantic
ham,hello damn christmas thing think decided keep mp doesnt work
spam,new message please call
ham,hi darlin im missin u hope good time u back time u give call home jess xx
spam,hi mailbox messaging sms alert messages matches please call back retrieve messages matches
ham,draw vai dont think
ham,dont pick call something important tell hrishi
ham,nothin comes mind ìï help buy hanger lor ur laptop heavy
ham,thats guess thats easy enough
ham,make baby yo tho
ham,tell friend come round til like ish
ham,friendship poem dear dear u r near hear dont get fear live cheer tear u r always dear gud ni
ham,still area restaurant ill try come back soon
ham,aight thatll work thanks
spam,moby pub quizwin å£ high street prize u know new duchess cornwall txt first name unsub stop å£ sp arrow
ham,sleeping bags blanket paper phone details anything else
spam,congratulations thanks good friend u å£ xmas prize claim easy call p per minute btnationalrate
spam,games thedailydraw dear helen dozens free games great prizeswith
ham,guys
ham,also chat awesome dont make regular unless see person
ham,thats significant dont worry
ham,thats cause old live high
ham,waqt se pehle naseeb se zyada kisi ko kuch nahi miltazindgi wo nahi jo hum sochte hai zindgi wo hai jo ham jeetey hai
ham,way office da
ham,place want da
ham,pain couldnt come worse time
ham,stalking u
ham,sorry dude dont know forgot even dan reminded sorry hope guys fun
ham,ok lor
ham,apps class varaya elaya
spam,urgent mobile number å£ bonus caller prize nd attempt reach call asap box nqp ppm
ham,day asked anand number
ham,surfing online store offers want buy thing
ham,long beach lor expected u dinner
ham,home way
ham,fine thanks
ham,happen tell truth
ham,like italian food
ham,weird know one point
ham,aww must nearly deadwell jez iscoming todo workand whilltake forever
ham,tell friends plan valentines day url
ham,alright see bit
ham,cheers message zogtorius iåõve staring phone age deciding whether text
ham,take care financial problemi help
ham,tell dear happen talking like alian
spam,double mins txts orange price linerental motorola sonyericsson btooth freenokia free call mobileupd oroptouthvd
ham,hi yijue meet u tmr
ham,posible dnt live century cm frwd n thnk different
ham,dint slept afternoon
ham,seems unnecessarily affectionate
ham,yar else ill thk sorts funny things
spam,download many ringtones u like restrictions choose u even send yr buddys txt sir å£
ham,thats cool day
ham,r going bus
ham,hello love went day alright think sweet send jolt heart remind love hear screamed across sea world hear ahmad al hallaq loved owned possessive passionate kiss
ham,nohe joined today
ham,okay well thanks clarification
ham,ill talk others probably come early tomorrow
spam,spook mob halloween collection logo pic message plus free eerie tone txt card spook zed p per logopic
ham,money issue weigh thanks breathe easier ill make sure dont regret thanks
ham,hi im sorry missed call pls call back
spam,fantasy football back tv go sky gamestar sky active play å£k dream team scoring starts saturday register nowsky opt
ham,ok need tell anything going sleep good night
ham,ok try week end course coimbatore
spam,tone club subs expired resub reply monoc monos polyc polys weekly p per week txt stop stop msg free stream
ham,v nice sheffield tom air opinions categories b used measure ethnicity next census busy transcribing
ham,r home come within min
ham,boy loved gal propsd bt didnt mind gv lv lttrs bt frnds threw thm boy decided aproach gal dt time truck speeding towards gal wn hit girld boy ran like hell n saved asked hw cn u run fast boy replied boost secret energy n instantly girl shouted energy n thy lived happily gthr drinking boost evrydy moral story hv free msgsd gud ni
ham,day ì say ì cut ur hair paragon called hair sense ì noe much hair cut
ham,hmm many unfortunately pics obviously arent hot cakes kinda fun tho
ham,watching tv lor funny bluff wat izzit thk impossible us
spam,xmas prize draws trying contact u todays draw shows å£ prize guaranteed call land line valid hrs
ham,dunno lei neva say
ham,thanx day u r goodmate think ur rite sary asusual u cheered love u franyxxxxx
ham,im way home went change batt watch go shop bit lor
spam,yes place town meet exciting adult singles uk txt chat pmsg
ham,hi mobile added contact list great place send free sms people visit fullonsmscom
ham,good evening sir hope nice day wanted bring notice late paying rent past months pay charge felt would inconsiderate nag something give great cost thats didnt speak however recession wont able pay charge month hence askin well ahead months end please help thank everything
ham,let want house
ham,best line said love wait till day forget u day u realize u cannot forget gn
ham,reach ten morning
ham,pussy perfect
spam,someone contacted dating service entered phone becausethey fancy find call landline pobox wrg p
ham,messageno responcewhat happend
ham,also wheres piece
ham,wiskey brandy rum gin beer vodka scotch shampain wine kudiyarasu dhina vaazhthukkal
ham,boo hows things im back home little bored already
ham,first gained kg since took second done blood sugar tests ok blood pressure within normal limits worries
ham,pick ur fone u dumb
ham,thanks da thangam feel happy dear also miss da
ham,okey doke im home dressed cos laying around ill speak later bout times stuff
ham,dont run away frm u walk slowly kills u dont care enough stop
ham,babe im back come back
ham,well told others youd marry
ham,neshanthtel r u
ham,yo yo yo byatch whassup
ham,oh kay sat right
ham,hi roger cl
spam,babe u want dont u baby im nasty thing filthyguys fancy rude time sexy bitch go slo n hard txt xxx slomsgs
ham,oh oh wasted den muz chiong sat n sun liao
ham,jesus christ bitch im trying give drugs answer fucking phone
ham,please give pick tuesday evening ok
ham,im meeting darren
ham,one best dialogue cute reltnship wen die
ham,solve case man found murdered decimal afternoon wife called police police questioned everyone wife siri sleeping murder took place cook cooking gardener picking vegetables housemaid went post office children went play neighbour went marriage police arrested murderer immediately whos reply reason u r brilliant
ham,dear reach
ham,aww thats first time u said u missed without asking missed u first love
ham,ok thanx gd nite ì
ham,come right ahmad
ham,lol please actually send pic right wanna see pose comb hair dryer something
ham,fps
ham,huh means computational science like dat one push n
ham,could read love answered
ham,oh lk tt den take e one tt ends cine lor dun wan yogasana oso
ham,madamregret disturbancemight receive reference check dlf premaricakindly informedrgdsrakheshkerala
spam,sms services inclusive text credits pls gotto login qxj unsubscribe stop extra charge help comukcm ae
ham,oic better quickly go bathe n settle
ham,err cud im going pm havent got way contact
ham,bloo bloo bloo ill miss first bowl
ham,lmao fun
ham,oh k kbut big hitteranyway good
ham,hey almost forgot happy bday babe love ya
ham,think move week
ham,shes find sent offline message know anjolas
spam,guess ithis first time created web page read wrote im waiting opinions want friend
ham,txting driving
ham,thats good lets thank god please complete drug lots water beautiful day
ham,really dun bluff leh u sleep early nite
ham,indians r poor india poor country says one swiss bank directors says lac crore indian money deposited swiss banks used taxless budget yrs give crore jobs indians village delhi lane roads forever free power suply social projects every citizen get monthly yrs need world bank imf loan think money blocked rich politicians full rights corrupt politicians itna forward karo ki pura india padhegm
ham,uncle boye need movies oh guide plus know torrents particularly legal system slowing gr day plus started cos dont meet online honey moon
ham,oh ya ya remember da
ham,btw regarding really try see anyone else th guy commit random dude
spam,ur chance win å£ cash every wk txt play tscs custcare xpwk
ham,busy juz dun wan go early hee
ham,rightio well arent bright early morning
ham,great im church holla get
ham,back brum thanks putting us keeping us happy see soon
ham,donno scorable
ham,great loxahatchee xmas tree burning update totally see stars
ham,yes dont care need bad princess
ham,guy kadeem hasnt selling since break know one guy hes paranoid fuck doesnt like selling without cant til late tonight
ham,tmr ì brin lar aiya later come n c lar mayb ì neva set properly ì got da help sheet wif ì
ham,u knw dis
ham,dun believe wat
ham,kgive back thanks
ham,know complain num onlybettr directly go bsnl offc nd apply
ham,okay ive seen pick friday
ham,much payed suganya
ham,left dessert u wan go suntec look u
ham,abeg make profit start using get sponsors next event
ham,onum ela pa normal
ham,kkhow sister kids
ham,cool ill text im way
ham,nope meanwhile talk say make greet
ham,cant talk nowi call candont keep calling
ham,anything lar
ham,rose needs water season needs change poet needs imaginationmy phone needs ur sms need ur lovely frndship forever
ham,good afternoon babe goes day job prospects yet miss love sighs
ham,pick drop carso problem
ham,si think waste rr
ham,world famamus
ham,coming friday leave pongaldo get news work place
ham,lol well dont without could big sale together
ham,way
ham,eat old airport road oredi got lot pple
ham,sry cant talk phone parents
ham,ok lor wat time ì finish
ham,princess like make love times per night hope thats problem
ham,mm way railway
ham,im done im sorry hope next space gives everything want remember furniture im around move lock locks leave key jenne
ham,yet id like keep touch easiest way barcelona way ru house
spam,sppok ur mob halloween collection nokia logopic message plus free eerie tone txt card spook
spam,urgent call landline complementary tenerife holiday å£ cash await collection sae tcs po box wa px ppm sender hol offer
ham,kdo evening daurgent
ham,pansy youve living jungle two years driving worried
ham,mm kanji dont eat anything heavy ok
ham,promise getting soon youll text morning let know made ok
ham,lol thats different dont go trying find every real life photo ever took
ham,dont thnk wrong calling us
ham,k ill drinkpa need srs model pls send mail id pa
ham,aiyah e rain like quite big leh drizzling least run home
ham,docs appointments next week im tired shoving stuff ugh couldnt normal body
ham,dun b sad dun thk abt already concentrate ur papers k
ham,greetings consider excused
ham,drama plsi enough family struggling hot sun strange placeno reason ego going invited actually necessity gowait serious reppurcussions
ham,released another italian one today cosign option
ham,mu try figure much money everyone gas alcohol jay trying figure weed budget
spam,winner valued network customer hvae selected receive å£ reward collect call valid hours aclpm
ham,hcl chennai requires freshers voice processexcellent english neededsalary upto call mssuman telephonic interview via indyarockscom
ham,dai da send resume id
ham,know ill around
ham,yup ive finished c ì
ham,remember ask alex pizza
ham,datoday also forgot
ham,ola would get back maybe today told direct link us getting cars bids online arrange shipping get cut u partnership u invest money shipping takes care restuwud b self reliant soon dnt worry
ham,fwiw reason im around time smoke gas afford around someone tells apparently happens somebody wants light
ham,hello boytoy made home constant thought love hope nice visit cant wait till come home kiss
ham,congrats kanowhr treat maga
ham,u talking
ham,u wake already wat u u picking us later rite im taking sq reaching ard smth like dat u check e arrival time c ya soon
ham,yunny im walking citylink ì faster come hungry
ham,er yep sure props
ham,hiya u paying money account thanks got pleasant surprise checked balance u c dont get statements acc
spam,u nokia plus free digital camera u get u win free auction take part send nokia poboxtcrw
ham,ok ill send decimal ok
ham,bognor splendid time year
ham,yesim office da
ham,ok ask abt e movie u wan ktv oso
ham,misplaced number sending texts old number wondering ive heard year best mcat got number atlanta friends
ham,dunno lei might b eatin wif frens ì wan eat wait ì lar
spam,free entry å£ weekly comp send word win tc
ham,u noe send files computers
ham,mmmmm loved waking words morning miss love hope day goes well happy wait us together
ham,jay says hell put
ham,come sec theres somebody want see
ham,sun anti sleep medicine
ham,whats happening gotten job begun registration permanent residency
ham,yup ok
ham,glad went well come well plenty time claire goes work
ham,ok enjoy r u home
ham,pls pls send mail know relatives coming deliver know costs risks benefits anything else thanks
ham,like
ham,thats haf combine n c lor
ham,monthly amount terrible pay anything till months finishing school
ham,hmmmhow many players selected
ham,said gonna snow start around pm tonite predicting inch accumulation
ham,dont send plus hows mode
ham,aiyo please ì got time meh
ham,package programs well
ham,sister belongs family hope tomorrow pray herwho fated shoranur train incident lets hold hands together fuelled love concern prior grief pain pls join dis chain pass stop violence women
ham,guys asking get slippers gone last year
ham,company goodenvironment terrific food really nice
spam,text get ringtones logos games questions
ham,honestly ive made lovely cup tea promptly dropped keys burnt fingers getting
ham,yup studying surfing lor im e lazy mode today
ham,please sen kind advice please come try
ham,im done c ì
ham,oh fine ill tonight
ham,ìï give time walk
ham,ill reach ard mins ok
spam,freemsg awarded free mini digital camera reply snap collect prize quizclub opt stop pwk sprwm ph
ham,fuck babe happened come never came back
spam,message brought gmw ltd connected
ham,friends want drive em someplace probably take
ham,also thk fast xy suggest one u dun wan ok going rain leh got gd
ham,still getting goods
ham,maybe pressies
ham,yeah ill leave maybe ish
ham,told dr appt next week thinks im gonna die told check nothing worried didnt listen
ham,room need
ham,dont want hear anything
ham,hey leave friday wait ask superior tell
ham,ultimately tor motive tui achieve korli
ham,work timing
ham,û donû÷t worry weû÷ll finished march û ish
ham,house water dock boat rolled newscaster dabbles jazz flute behind wheel
spam,congrats mobile g videophones r call videochat wid ur mates play java games dload polyph music noline rentl bx ip p
spam,next amazing xxx picsfree video sent enjoy one vid enough day text back keyword picsfree get next video
ham,thats going ruin thesis
ham,sch neva mind u eat st lor
ham,hey whats u sleeping morning
ham,erm thought contract ran theth october
ham,dunno lets go learn pilates
spam,u subscribed best mobile content service uk å£ per ten days send stop helpline
ham,yup im elaborating safety aspects issues
spam,free tarot texts find love life try free text chance free msgs å£
ham,goodmorning today late hr
ham,hi happy birthday hi hi hi hi hi hi hi
ham,outside office take
ham,dont respond imma assume youre still asleep imma start calling n shit
ham,aight see bit
ham,superior telling friday leave department except oursso leave youany way call waheed fathima hr conform
spam,join uks horniest dogging service u sex nite sign follow instructions txt entry
ham,lol take member said aunt flow didnt visit months cause developed ovarian cysts bc way shrink
ham,still work going onit small house
ham,friend got says hes upping order grams hes got get
ham,tmr timin still da wat cos got lesson
ham,thatû÷s thing apes u fight death keep something minute u let go thats
ham,im gonna able late notice ill home weeks anyway plans
ham,got fujitsu ibm hp toshiba got lot model say
ham,okie thanx
ham,gosh pain spose better come
ham,usualiam fine happy well
ham,gonna get rimac access
ham,im arestaurant eating squid wanna dosomething late
ham,call times job today ok umma ask speed
ham,hello ucall wen u finish wrki fancy meetin wiv u tonite need break dabooks hrs last nite today wrk
ham,r u sam p eachother meet go house
ham,yeah lol luckily didnt starring role like
ham,hello madam
ham,awesome text youre restocked
spam,knock knock txt whose enter r weekly draw å£ gift voucher store yr choice tcs age stoptxtstopå£week
ham,yes innocent fun
ham,thanks sending mental ability question
ham,sir hope day going smoothly really hoped wont bother bills cant settle month extra cash know challenging time also let know
ham,marrow wed aha
ham,went ur hon lab one
ham,hey pple nightsexcellent location wif breakfast hamper
spam,hi mailbox messaging sms alert matches please call back retrieve messages matches ccpmin
ham,lol nah wasnt bad thanks good b home quite reality check hows ur day u anything website
ham,daal r
spam,free ring tone text polys every week get new tone yrs å£wk
ham,unni thank dear rechargerakhesh
ham,know im lacking particular dramastorms details part im worried
ham,haha cant tmr forfeit haha
ham,hey glad u r better hear u treated urself digi cam good r pm fab new year c u coupla wks
ham,way im going back
spam,urgent mobile xxx å£ bonus caller prize nd attempt reach call asap boxnqp ppm
ham,cal sir meeting
ham,thats love hear v see sundayish
ham,sorry da thangam sorry held prasad
ham,tiwary rcbbattle bang kochi
ham,thank god bed
ham,dont cancer moms making big deal regular checkup aka pap smear
ham,gobi arts college
ham,wants talk
ham,pandy joined w technologies todayhe got job
ham,try get lost fact tee hee
ham,friends use call
ham,em olowoyey uscedu great time argentina sad secretary everything blessing
ham,taxt massagetiepos argh ok lool
ham,hi please get dollar loan ill pay back mid february pls
ham,might want pull case plan spending dont much confidence derek taylors money management
ham,like shaking booty dance floor
ham,text get dont call phones problems
ham,need drug anymore
ham,sorry dai thought calling lot timeslil busyi call noon
ham,sarcasm nt scarcasim
ham,great run ttyl
ham,feel like trying kadeem v
ham,dai naal eruku
ham,yet chikkuwat abt u
ham,want finally lunch today
ham,know dad back
spam,hello darling today would love chat dont tell look like sexy
spam,free st week nokia tone ur mob every week txt nokia get txting tell ur mates pobox w wq norm ptone
ham,remains bro amongst bros
ham,r u meeting da ge nite tmr
ham,nice day impressively sensible went home early feel fine boring whens cant remember
ham,de looking good
spam,wanna get laid nite want real dogging locations sent direct ur mobile join uks largest dogging network txt park nyt eca lp å£msg
spam,tried contact response offer new nokia fone camcorder hit reply call delivery
ham,yes replied mail im going management office later plus bank later alsoor wednesday
ham,thats cool ill come like ish
ham,super msg danalla timing
ham,good afternoon boytoy feeling today better hope good boy obedient slave please queen
ham,ft good combination
ham,im sick im needy want pouts stomps feet pouts stomps feet want slave want
ham,train back northampton im afraid
ham,abj serving staying dad alone
ham,playng doors game gt racing phone lol
spam,new tones week include mcflyall ab sara jorgeshock smithswitch order follow instructions next message
ham,im da bus going home
ham,got call landline number asked come anna nagar go afternoon
ham,im okay chasing dream whats good next
ham,yupz ive oredi booked slots weekends liao
spam,urgent trying contact u todays draw shows å£ prize guaranteed call land line claim c valid hrs
ham,r many modelsony ericson also der luks good bt forgot modl
ham,yes know cheesy songs frosty snowman
ham,ya ok vikky vl c witin mins il reply u
spam,sports fans get latest sports news str ur mobile wk free plus free tone txt sport norm txtp
ham,hey tmr meet bugis
spam,urgent urgent free flights europe give away call b th sept take friend free call claim bannfwflyppm
ham,nice new shirts thing wear nudist themed mu
ham,hey sexy buns day word morning ym think
ham,whenever see still hook
ham,nope im going home go pump petrol lor like going rain soon
ham,use foreign stamps whatever send
spam,lost å£ help
ham,oh baby house come dont new pictures facebook
ham,feb love u day send dis ur valued frnds evn comes back ull gt married person u luv u ignore dis u lose ur luv evr
ham,hiya sorry didnt hav signal havent seen heard neither unusual ill put case get sort hugs snogs
ham,omw back tampa west palm hear happened
ham,yup already thanx printing n handing
spam,freemsg fancy flirt reply date join uks fastest growing mobile dating service msgs rcvd p optout txt stop reply date
ham,mean come chase stated watch many movies want
ham,took tablets reaction morning
spam,great new offer double mins double txt best orange tariffs get latest camera phones free call mobileupd free stoptxt tcs
ham,nah im perpetual dd
ham,sorry de went shop
spam,hope enjoyed new content text stop unsubscribe helpp provided tonesyoucouk
ham,hey still want go yogasana coz end cine go bathe hav steam bath
ham,nope im drivin neva develop da photos lei
ham,thinking going reg pract lessons flung advance haha wat time u going
ham,cool inches long hope like big
ham,housemaid murderer coz man murdered th january public holiday govtinstituitions closedincluding post officeunderstand
ham,go n buy juz buy get lar
ham,im working technical support voice process
ham,justbeen overa week since broke already brains going mush
ham,tunde wishing great day abiola
ham,nope c ì
ham,well medical missions nigeria
ham,movies laptop
spam,urgent please call landline å£ cash luxury canary islands holiday await collection tcs sae award maq ppm ûï
spam,urgent please call landline complimentary lux costa del sol holiday å£ cash await collection ppm sae tcs james ehrr
ham,havent lei next mon
ham,mm feeling sleepy today shall get dear
ham,dare stupid wont tell anything hear wont talk
ham,ì noe ben going
ham,mag meeting avo point
ham,meant middle left right
ham,really crashed cuddled sofa
ham,hi chachi tried calling u unable reach u pl give missed cal u c tiz msg kanagu
ham,sent prices mean g
ham,nothing
ham,working ringing u thing whole houseful screaming brats pulling hair loving u
ham,family responding anything room went home diwali one called coming makes feel like died
ham,tick tick tick babe
ham,r ì going todays meeting
ham,k dahow many page want
ham,ya nowonion roast
ham,send number give reply tomorrow morning said like ok
ham,said problem let know
ham,ok tell half hr b u come need prepare
ham,play w computer aiyah tok u lor
ham,sat right okay thanks
ham,derp worse dude always wants party dude files complaint three drug abusers lives
ham,ok chinese food way get fat youre paying lipo
ham,r outside already
ham,good trip watch remember get back must decide easter
ham,yo watching movie netflix
ham,time iû÷m prob
ham,meh thgt clash really ah dun mind dun seen lost weight gee
ham,arr birthday today wish get oscar
ham,open rebtel firefox loads put plus sign user name place show two numbers lower number number pick number pin display okay
ham,picking various points
spam,married local women looking discreet action real matches instantly phone text match msg cost p stop txt stop bcmsfwcnxx
ham,wow v v impressed funs shopping
ham,way ur home
spam,burger king wanna play footy top stadium get burger king st sept go large super cocacola walk winner
ham,problem talk later
ham,ur sis
ham,still customer place
spam,come takes little time child afraid dark become teenager wants stay night
ham,dude u knw also teluguthts gudk gud nyt
ham,confirm eating esplanade
ham,send id password
ham,kind took garage centre part exhaust needs replacing part ordered n taking fixed tomo morning
ham,well might come
ham,long quit get like minutes day
ham,likely called mittelschmertz google dont paracetamol dont worry go
ham,well right im gonna get check todays steam salespee text want come get
ham,arrived see couple days
ham,k wat tht incident
ham,yeah get unlimited
ham,cthen thk shd b enuff still got conclusion n contents pg n references ill b da contents pg n cover pg
ham,forgot takes years shower sorry atyour phone dead yet
ham,ìï got wat buy tell us ì need come
ham,big god bring success
spam,uûªve bin awarded å£ play instant cash call claim every th player wins min å£å£ optout
ham,û r stayin extra week back next wed rugby weekend hi c u soon ham
ham,campus library
ham,affidavit says e twiggs st division g courtroom time ill double check text tomorrow
ham,creep
ham,get ten billion calls texts help god
ham,ive told ive returned order
ham,housemaid murderer coz man murdered th january public holiday govtinstituitions closedincluding post office
ham,depends u going lor
ham,smile right go world wonder smiling think crazy keep away grins
spam,freemsgfav xmas tonesreply real
ham,lil fever fine
ham,think still car
ham,yes princess want catch big strong hands
ham,oh yeah forgot u take shopping
ham,mm asked call radio
ham,thinkin someone good drugs
ham,enjoy showers possessiveness poured u ur loved ones bcoz world lies golden gift loved truly
ham,alright youre sure let know youre leaving
ham,lasting much hours might get lucky
ham,genius whats brother pls send number skype
spam,gr poly tones mobs direct u rply poly title eg poly breathe titles crazyin sleepingwith finest ymca getzedcouk poboxowwq p
ham,thk em find wtc far weiyi goin e rest dunno yet r ur goin dinner den might b able join
ham,dont forget owns whos private property good boy always passionate kiss
spam,interflora åòits late order interflora flowers christmas call place order midnight tomorrow
ham,oh godtaken teethis paining
spam,romcapspam everyone around responding well presence since warm outgoing bringing real breath sunshine
ham,u ask darren go n pick u lor oso sian tmr haf meet lect
ham,need buy lunch eat maggi mee
ham,oh right ok ill make sure loads work day got really nasty cough today dry n shot really help
ham,thanx sending home
ham,normally hot mail com see
spam,youve tkts euro cup final å£ cash collect call b pobox ppm
ham,u sick still go shopping
ham,ya well fine bbdpooja full pimpleseven become quite blackand ur rite cold wearing sweatter
ham,nicenicehow working
ham,reach home call
ham,trying find chinese food place around
ham,easy mate guess quick drink bit ambitious
ham,babe miiiiiiissssssssss need crave geeee im sad without babe love
ham,ok thanx
ham,tunji hows queen wishing great day abiola
ham,today iz yellow rose day u love frndship give misscall send ur frndz see many miss calls u get u get missed u marry ur lover
ham,class hours sorry
ham,wat time u finish ur lect today
spam,freemessage jamsterget crazy frog sound poly text mad real text mad crazy sounds gbpweek tcs apply
spam,chance reality fantasy show call p per min ntt ltd po box croydon cr wb national rate call
ham,shes fine good hear dear happy new year oh
ham,going wipro interview today
ham,tall princess
ham,doubt could handle times per night case
ham,haha hope ì hear receipt sound gd luck
ham,gonna death im gonna leave note says robs fault avenge
ham,japanese proverb one u none itu must indian version one let none itleave finally kerala version one stop none make strike
ham,today im workin free oso gee thgt u workin ur frens shop
ham,life face choices toss coin becoz settle question coin air u know heart hoping gudni
ham,want kiss feel next
ham,happy saying
spam,adult content video shortly
ham,ok would b lovely u r sure think wot u want drinkin dancin eatin cinema u wot
ham,im saying havent explicitly told nora know someone im probably gonna bother
ham,smith waste dai wanna gayle
ham,mum ive sent many many messages since got want know actually getting enjoy rest day
ham,aight tomorrow around
ham,actually first time went bed long spoke woke night
ham,see
ham,dont understand message
ham,crucify c told earlier
ham,idk keep saying youre since moved keep butting heads freedom vs responsibility im tired much shit deal im barely keeping together gets added
ham,fuck cedar key fuck come anyway tho
ham,twenty past five said train durham already coz reserved seat
spam,hey boys want hot xxx pics sent direct ur phone txt porn hrs free p per day stop text stopbcm sf wcnxx
ham,u still painting ur wall
ham,printer cool mean groovy wine groovying
ham,hi harishs rent transfred ur acnt
ham,anything lor coming
ham,cbe really good nowadayslot shop showroomscity shaping good
ham,ìï still attending da talks
ham,probs hon u doinat mo
ham,k ill take care
ham,take didnt phone callon friday assume wont year
ham,battery low babe
ham,shuhui bought rons present swatch watch
ham,yeah theres quite bit left ill swing tomorrow get
ham,babe said hours almost internet
ham,k ill sure get noon see whats
ham,kkyesterday cbe
ham,went ganesh dress shop
spam,pdatenow double mins txts orange tariffs latest motorola sonyericsson nokia bluetooth free call mobileupd calloptoutyhl
ham,ìï collecting ur laptop going configure da settings izzit
ham,aight latest probably closer jay tyler two trips
ham,come aftr decimal cleaning house
spam,ur cashbalance currently pounds maximize ur cashin send cash pmsg cc po box tcrw
ham,bill letters iûªm expecting one orange isnûªt bill may still say orange
ham,tell pa pain de
ham,hi darlin hope nice night wish come cant wait see love fran ps want dirty anal sex want man gang bang
ham,ha donû÷t know either clever simple thing pears day perfect christmas
ham,helloooo wake sweet morning welcomes enjoy day full joy gud mrng
ham,alrite
ham,must sit around wait summer days celebrate magical sight worlds dressed white oooooh let snow
ham,guys go see movies side
ham,didnt tell thatnow im thinking plus hes going stop runs
ham,kindly send one flat decimal today
spam,sorry u unsubscribe yet mob offer package min term weeks pls resubmit request expiry reply themob help info
ham,nothing lor bit bored dun u go home early sleep today
ham,time tell friend around
ham,yes fine love safe
ham,thanks chikku gud nyt
ham,xy ur car u picking
ham,thanx time weåõve spent geva bin mint ur baby want uxxxx
ham,yo way could pick something tonight
ham,ive sent send
ham,fine simply sitting
ham,thts gods gift birds humans hav natural gift frm god
ham,coming day class
ham,im done studyn library
ham,ok u enjoy ur shows
ham,anything
ham,wuld without baby thought alone mite break donåõt wanna go crazy everyboy needs lady xxxxxxxx
ham,wats dear sleeping ah
ham,hi test rd
ham,students solved cat question xam tell answer u r brilliantthingi got answr
ham,yo know anyone otherwise able buy liquor guy flaked right dont get hold somebody loko night
ham,yup n fren lor im meeting fren
ham,yeah got one lined us
ham,stop wondering wow ever going stop tming tm whenever want mine laughs
ham,lol yep yesterday already got fireplace another icon sitting
ham,hey ive booked pilates yoga lesson already haha
ham,ok happen behave like
ham,supervisor find one lor thk students havent ask yet tell u aft ask
ham,hello news job making wait fifth week yeah im woozles weasels exeter still home
spam,currently message awaiting collection collect message call
ham,hey babe sorry didnt get sooner gary come fix cause thinks knows doesnt go far ptbo says cost bucks dont know might cheaper find someone dont second hand machines right let know want babe
ham,make fucks sake x
ham,leave u always ignorant
ham,nope ill b going sch fri quite early lor cos mys sis got paper da morn
ham,bruce b downs fletcher
ham,said would woke
ham,hey free call
ham,tell whos pls
spam,urgent mobile awarded å£ bonus caller prize final attempt contact u call
ham,think might give miss teaching til twelve lecture two damn working thing
ham,id check theres like bowls worth left
ham,yes many sweets
ham,would im still cozy exhausted last nightnobody went school work everything closed
ham,buzzzz grins buzz ass buzz chest buzz cock keep phone vibrator feel shake
ham,sir send group mail check
ham,im da intro covers energy trends n pros n cons brief description nuclear fusion n oso brief history iter n jet got abt n half pages
ham,nonenowhere ikno doesdiscountshitinnit
ham,dont know jabo abi
spam,ever notice youre driving anyone going slower idiot everyone driving faster maniac
ham,yet hadya sapna aunty manege yday hogidhechinnu full weak swalpa black agidhane
ham,good baby
ham,mostly sports typelyk footblcrckt
ham,head dey swell oh thanks making day
ham,u make fb list
ham,sary need tim bollox ⁢ hurt lot tol
ham,happy new year princess
ham,ill text carlos let know hang
ham,dont worry easy ingredients
ham,love u little pocy bell sorry love u
ham,ok omw castor
ham,yar lor keep raining non stop u wan go elsewhere
spam,xmas offer latest motorola sonyericsson nokia free bluetooth dvd double mins txt orange call mobileupd calloptoutqf
ham,u mean u almost done done wif sleeping tot u going take nap yup send liao im picking ard smth lor
ham,tonight yeah id
ham,eat fo lunch senor
ham,said right giggle saw u would possibly first persondie nvq think much could
ham,break time one come n get stuff fr ì
spam,reply win å£ weekly professional sport tiger woods play send stop end service
ham,im see cant see maybe reboot ym seen buzz
ham,still grinder
spam,polyphonic tone ur mob every week txt pt st tone free get txtin tell ur friends ptone reply hl info
ham,ki didt see youkwhere
ham,im list buyers
ham,idea guess well work hour supposed leave since usual nobody interest figuring shit last second
ham,mm entirely sure understood text hey ho weekend
ham,released vday shirts u put makes bottom half naked instead white underwear
ham,knowhe watching film computer
ham,b thursday
ham,oh phone phoned disconnected
ham,id onluy matters getting offcampus
spam,message free welcome new improved sex dogging club unsubscribe service reply stop
ham,excellent ill see rileys plans
ham,ew one
ham,also hi wesley howve
ham,ah see lingo let know wot earth finished making
spam,updatenow mths half price orange line rental minscall mobileupd calloptoutjq
ham,imagine life without see fast u searching medont worry lm always disturb u goodnoon
ham,hm good morning headache anyone
ham,yeah probs last night obviously catching speak soon
spam,free unlimited hardcore porn direct mobile txt porn get free access hrs per day txt stop exit msg free
ham,might go sch yar e salon v boring
ham,mins stop somewhere first
ham,fast approaching wish u happy new year happy sankranti happy republic day happy valentines day happy shivratri happy ugadi happy fools day happy may day happy independence day happy friendshipmotherfatherteacherschildrens day happy birthday u happy ganesh festival happy dasara happy diwali happy christmas good mornings afternoons evenings nights rememberi first wishing u theseyours raj
ham,one joys lifeis waking daywith thoughts somewheresomeone cares enough tosend warm morning greeting
ham,didnt get second half message
ham,wat time u wan meet later
ham,thank much selflessness love plenty
ham,film ill call later
ham,dare change ring
ham,bad girl lady
ham,love ya try budget money better babe gary would freak knew
ham,part dont initiate dont understand
ham,finished lunch already u wake already
ham,still game
ham,got tallent wasting
ham,record one night
ham,also sir sent email log usc payment portal ill send another message explain things back home great weekend
ham,gonna let know cos comes bak holiday day coming dontgettext number
ham,jokin lar depends phone father get lor
ham,aight lemme know whats
ham,get ready inches pleasure
ham,ok feel like john lennon
ham,cos darren say ì considering mah ask ì
ham,bothering trust answers pls
ham,one day crab running sea shorethe waves came n cleared footprints crab crab asked frnd r u clearing beautiful footprints waves replied fox following ur footprints catch thats cleared frndsship never lets u dwn gud nyt
ham,aight time want come
ham,slaaaaave must summon time dont wish come anymore
ham,bill å£ thats bad
ham,let know changes next hrs even appendix age range however impossible chill let know hrs
ham,hello yeah ive got bath need hair ill come im done yeah
ham,hows weather
ham,ok much though hm friday cant wait dunno wot hell im gonna another weeks become slob oh wait already done
ham,die e toot fringe
ham,lol dont know awesome phone could click delete right want
ham,awesome question cute answer someone asked boy ur life smiled answered fine gudnite
ham,please leave topicsorry telling
ham,pls send correct name da
ham,happened yo date
ham,webpage available
ham,woke yeesh late didnt fall asleep til
spam,unsubscribed services get tons sexy babes hunks straight phone go subscriptions
ham,dear know th th birthday loving gopalettan planning give small gift day like participate welcome please contact admin team details
ham,kkfrom tomorrow onwards started ah
ham,u talking bout early morning almost noon
ham,fine remember
spam,hi babe jordan r u im home abroad lonely text back u wanna chat xxsp visionsmscom text stop stopcost p
ham,ok many buy
ham,sounds good keep posted
spam,get brand new mobile phone agent mob plus loads goodies info text mat
ham,ok april cant wait
ham,boy best get yo ass quick
ham,ay wana meet satì wkg sat
ham,im wait till bus pick
ham,apart one told yesterday
ham,ok lor buy wat
ham,somebody go andros steal ice
ham,know didt msg recently
ham,take us shopping mark distract isaiahd
ham,mum hope great day hoping text meets well full life great day abiola
ham,sense foot penis
ham,okay thought expert
ham,deep sigh miss really surprised havent gone net cafe yet get dont miss
ham,ssi thinl role like sachinjust standing others hit
ham,great trip india bring light everyone project everyone lucky see smile bye abiola
ham,importantly discuss u
ham,kkhow training process
ham,ok lor ned go toa payoh return smth u wan send wat
ham,da car park
ham,wish holding tightly making see important much mean much need life
ham,asked hows anthony dad bf
ham,wnevr wana fal luv vth books bed fals luv vth yen madodu nav pretsorginta nammanna pretsovru important alwa gud eveb
ham,going take bath ill place key window
spam,lord ringsreturn king store nowreply lotr june chance win lotr soundtrack cds stdtxtrate reply stop end txts
ham,dear take care reaching homelove u lot
ham,staffsciencenusedusgphyhcmkteachingpc
ham,emigrated something ok maybe bit hopeful
ham,olol printed forum post guy exact prob fixed gpu replacement hopefully dont ignore
ham,walked moms right stagwood pass right winterstone left victors hill address
ham,yo jp hungry like mofo
ham,creepy crazy
ham,ok din get ur msg
ham,pathaya enketa maraikara pa
ham,even friend priest call
ham,u lousy run already come back half dead hee
ham,thats said bad dat e gals know u wat u
ham,remind hrs
ham,hoping would send message rent due dont enough reserves completely gone loan need hoping could balance way could get till mid march hope pay back
ham,hi happy new year dont mean intrude pls let know much tuition paid last semester much semester thanks
ham,hello hun ru way im good dates guy met walkabout far meet soon hows everyone else
ham,lol gonna last month cashed left case collecting week cause announced blog
spam,good luck draw takes place th feb good luck removal send stop customer services
ham,short cute good person
ham,havent decided yet eh
ham,wat time liao still got
ham,yes watching footie worried going blow phil neville
ham,wait ì inside da car park
ham,uncle abbey happy new year abiola
ham,free call pa
ham,r u saying order slippers cos pay returning
ham,stop knowing well
ham,good evening roger
ham,small problem auctionpunj asking tiwary
ham,telling tell one treat hi hi hi
spam,st wk free gr tones str u wk txt nokia classic nokia tones hit polys nokiap polyp
ham,u coming pick
ham,thats cool liked photos sexy
ham,would u fuckin believe didnt know thurs pre booked cancelled needs b sacked
ham,haha better late ever way could swing
ham,ok finish
spam,lookatme thanks purchase video clip lookatme youve charged p think better send video mmsto
ham,ive barred b q stores lifethis twat orange dungerees came asked wanted decking got first punch
ham,messages food
ham,ok going sleep hope meet
ham,let know details fri u find cos im tom fri mentionned chinese thanks
ham,youre right think
ham,ur lecture
spam,sexy sexy cum text im wet warm ready porn u fun msg free recd msgs p inc vat cancel text stop
ham,planned yet going join company jan onlydon know happen
ham,boy love u grl hogolo boy gold chain kodstini grl agalla boy necklace madstini grl agalla boy hogli mutai eerulli kodthini grl love u kano
ham,haha heard text youre around
ham,ill get tomorrow send
ham,shit babe thasa bit messed upyeh
ham,oh thats late well good night give u call tomorrow iam going go sleep night night
ham,cheers u tex mecause u werebored yeah okden hunny r uin wk satsoundåõs likeyour havin grfun j keep updat countinlots loveme xxxxx
ham,sorry meeting ill call later
ham,yo howz u girls never rang india l
ham,yeah worse
ham,tagged friends seemed count friends
ham,long time remember today
ham,havent shopping lor juz arrive
ham,thank u better work cause feel used otherwise
ham,challenge know
ham,much ur hdd casing cost
ham,mystery solved opened email hes sent another batch isnt sweetie
ham,cant describe lucky im actually awake noon
spam,nd time tried contact u u å£ prize claim call b tcsstop sms ppm
ham,cheers card time year already
ham,ugh hopefully asus ppl dont randomly reformat
ham,havent seen facebook huh lol
ham,mah b ill pick tomorrow
ham,still otside leu come morrow maga
ham,u still plumbers tape wrench could borrow
spam,dear voucher holder claim weeks offer pc please go tscs apply
ham,vl bcum difficult
ham,havent still waitin usual ìï come back sch oredi
ham,meeting da call
ham,k k watch films
ham,cinema plus drink appeal tomo fr thriller director like mac
ham,size elephant tablets u shove um ur ass
ham,many people seems special first sight remain special till last sight maintain till life ends take cr da
ham,parents kidz friends n colleagues screaming surprise waiting sofa naked
ham,dunno juz askin cos got card got salon called hair sense tot da one ì cut ur hair
ham,good morning pookie pie lol hope didnt wake u
ham,maybe woke fucking wouldnt problem
ham,happy birthday youdearwith lots loverakhesh nri
ham,x going get
ham,hi neva worry bout da truth coz truth lead ur heart itåõs least unique person like u deserve sleep tight morning
spam,ur awarded city break could win å£ summer shopping spree every wk txt store skilgmetscswinawkageå£perwksub
ham,ur paper today e morn aft
ham,lick every drop ready use mouth well
ham,expect whenever text hope goes well tomo
ham,great p diddy neighbor comes toothpaste every morning
ham,av new number wil u use oneta
ham,poking man everyday teach canada abi saying hi
ham,lor change suntec wat time u coming
ham,deam seeing online shop asked
ham,curious cuz asked
ham,okay lor wah like def wont let us go haha say terms conditions
ham,haha yup hopefully lose kg mon hip hop go orchard weigh
ham,shes good r u working
ham,oh yes ive little weather ive kind coccooning home
ham,home also
ham,phone weirdest auto correct
ham,oops phone died didnt even know yeah like better
ham,havent mus ask u st wat meet lunch den u n meet already lor u wan go ask da ge st confirm w asap
ham,said u mind go bedroom minute ok sed sexy mood came minuts latr wid caken wife
ham,oh yeahand hav great time newquaysend postcard look girls im goneu know im talkin boutxx
ham,got divorce lol shes
ham,whats ur pin
ham,babe got enough money pick bread milk ill give back get home
ham,want snow freezing windy
ham,come mahal bus stop decimal
ham,knowthis week im going tirunelvai da
ham,baby promise treat well bet take good care
ham,like hotel dusk game think solve puzzles area thing
spam,thanks ringtone order reference number x mobile charged tone arrive please call customer services
ham,hi love goes day fuck morning woke dropped cell way stairs seems alright phews miss
ham,well must pain catch
ham,sorry da thangamits mistake
ham,need coz never go
ham,rose redred bloodblood heartheart u u send tis ur friends including u like u get back u r poor relation u need support u r frnd many luvs u praying god marry u try
spam,ur cashbalance currently pounds maximize ur cashin send collect pmsg cc po box tcrw
ham,feel like dick keep sleeping texts facebook messages sup town
ham,plm come da way
ham,guess wants alone time could show watch
ham,height recycling read twice people spend time earning money money spent spending time good morning keep smiling
ham,yup ì comin
ham,yes princess toledo
ham,aight text youre back mu ill swing need somebody get door
ham,ron say fri leh n said ding tai feng cant make reservations said wait lor
ham,good swimsuit allowed
ham,okay soon best
ham,cute thought friendship necessary share every secret ur close frnd
ham,ok ive sent u da latest version da project
ham,pls accept one day begging change number
ham,squeeeeeze christmas hug u lik frndshp den hug back u get u r cute u r luvd u r lucky none people hate u
ham,ok anybody asks abt u tel themp
ham,funny fact nobody teaches volcanoes erupt tsunamis arise hurricanes sway aroundn teaches hw choose wife natural disasters happens
ham,gonna ring weekend wot
ham,also track lighters find
ham,babe need advice
ham,iû÷ll leave around four ok
ham,come medical college pm forward da
ham,kkits goodwhen going
ham,make lasagna vodka
ham,hi kate u give ring asap xxx
ham,people tour thought sofa thing sent curious sugar
ham,told going got drunk
ham,fucking chickened messaged would late woould buzz didnt hear word
ham,im always looking excuse city
ham,yup im still coffee wif frens fren drove shell give lift
ham,shore takin bus
ham,u gonna get deus ex
ham,send email mind times per night
spam,want new nokia colour phone deliveredtomorrow free minutes mobile free texts free camcorder reply call
ham,tap spile seven pub gas st broad st canal ok
ham,ok come n pick u engin
ham,never wanted tell im short onedge late
ham,raviyog peripherals bhayandar east
ham,k actually guys meet sunoco howard right way
ham,moon come color dreams stars make musical sms give warm peaceful sleep good night
ham,finished eating got u plate leftovers time
ham,thanx lot
ham,hurry home u big butt hang last caller u food done im starving dont ask cooked
ham,lol right diet everyday cheat anyway im meant fatty
ham,great day beautiful one
ham,happened interview
ham,badrith chennaii surely pick usno competition
ham,tot group mate lucky havent reply wat time ì need leave
ham,hey around ive got enough half ten owe
ham,hey tmr maybe meet yck
ham,alrite sam nic checkin ur numberso ittb
ham,making easy pay back yrs say pay back earlier get
ham,worry im sure youll get
ham,gas station like block away house youll drive right since armenia ends swann take howard
spam,someone u know asked dating service contact cant guess call revealed pobox lshb p
spam,camera awarded sipix digital camera call fromm landline delivery within days
ham,tuition hm go one mind
ham,im smoking people use wylie smokes much justify ruining shit
ham,dear good morning feeling dear
ham,little meds say take every hours pain back took another hope dont die
ham,beautiful tomorrow never comes comes already today hunt beautiful tomorrow dont waste wonderful today goodmorning
ham,dunno lei ì decide lor abt leona oops tot ben going n msg
ham,hi moved pub would great c u u cud come
spam,todays voda numbers ending selected receive award hava match please call quoting claim code standard rates app
ham,ever easier
spam,rct thnq adrian u text rgds vatian
ham,stop calling everyone saying might cancer throat hurts talk cant answering everyones calls get one call im babysitting monday
ham,itll tough ill
ham,im gonnamissu muchi would say il send u postcard buttheres aboutas much chance merememberin asthere ofsi breakin contract luv yaxx
ham,ee msg na poortiyagi odalebeku hanumanji name hanuman bajarangabali maruti pavanaputra sankatmochan ramaduth mahaveer ee name janarige ivatte kalisidare next saturday olage ondu good news keluviri maretare inde dodda problum nalli siguviri idu matra true dont neglet
ham,hi darlin finish u pick meet text back number luv kate xxx
ham,set place heart mind mind easily forgets heart always remember wish happy valentines day
ham,im surprised still guess right lor
ham,okie ì wan meet bishan cos bishan im driving today
ham,hi darlin work u get trouble ijust talked mum morning really good time last night im goin soon call u
ham,know serving mean
ham,huh hyde park mel ah opps got confused anyway tts e best choice den juz take
ham,oh gei happend tron maybe ill dl
ham,know girls always safe selfish know got pa thank good night
ham,worries hope photo shoot went well spiffing fun workage
ham,im freezing craving ice fml
ham,kay since already
ham,eh sorry leh din c ur msg sad already lar watching tv u still office
ham,yo im right yo work
ham,ok darlin supose ok worry muchi film stuff mate babysit call therexx
ham,wake since checked stuff saw true available spaces pls call embassy send mail
ham,nope juz work
ham,huh fast dat means u havent finished painting
ham,number u live
ham,put party days week study lightly think need draw custom checkboxes know hardcore
ham,sac score big hundredhe set batsman
ham,send yettys number pls
ham,much cost approx per month
ham,ok theory test ì going book think may coz thought wanna go jiayin isnt free
spam,contacted dating service someone know find call land line poboxwtgp
ham,thats fine give call knows wants questions
ham,sorry got late start way
ham,u go back urself lor
ham,gas station go
ham,k u bored come home
ham,babe love covers face kisses
ham,like made throw smoking friends car one time awesome
ham,still checked da
ham,go walmart ill stay
ham,havent forgotten might couple bucks send tomorrow k love ya
ham,oh great ill disturb talk
ham,reverse cheating mathematics
ham,ure welcome caught u using broken english
ham,problem baby good time talk called left message
ham,oh brand
ham,sorry cant take call right happens r waxsto wat want come ill get medical insurance shell able deliver basic care im currently shopping right medical insurance give til friday morning thats ill see major person guide right insurance
ham,time coming
ham,call say coming today ok tell fool like ok
ham,emailed yifeng part oredi ì get fr
ham,r u sure theyll understand wine good idea slurp
ham,minimum walk miles day
ham,ok problem get taxi c ing tomorrow tuesday tuesday think r going cinema
ham,brainless baby dolld vehicle sariyag drive madoke barolla
spam,sorry missed call lets talk time im
ham,please attend phone
ham,hate call didnt accept even single call mine even messaged
ham,messages phone im holding
ham,im free
ham,yo trip got postponed still stocked
ham,waiting call sir
ham,hey reply pa
ham,hey elaine todays meeting still
ham,sorry ive gone place ill tomorrow really sorry
ham,tiime dont let hug dont break tears
ham,tomorrow going theatre come wherever u call tell come tomorrow
ham,electricity went fml
ham,looks like found something smoke great job
ham,also andros ice etc etc
ham,good afternon love today hope good maybe interviews wake miss babe passionate kiss across sea
ham,yup wun believe wat u really neva c e msg sent shuhui
ham,hows watch resizing
ham,dear umma called
ham,finished missing plenty
spam,complimentary star ibiza holiday å£ cash needs urgent collection landline lose boxskwpppm
ham,well meant opposed drunken night
ham,k must book huh going yoga basic sunday
spam,free msgwe billed mobile number mistake shortcode please call charges refundedthis call free bt landline
ham,oops mums somerset bit far back tomo see soon x
ham,u workin overtime nigpun
ham,kallis dismissial nd test
ham,guess got screwd
ham,r u cooking dinner
ham,bull plan go floating ikea without care world live mess another day
ham,buy
spam,urgent mobile number awarded å£ bonus caller prize call land line valid hrs
ham,heehee funny tho
ham,simple arithmetic percentages
ham,yeah wouldnt leave hour least hows sound
ham,thanks honey great day
ham,amazing quote sometimes life difficult decide whats wrong lie brings smile truth brings tear
ham,ì ask dad pick ì lar ìï wan stay meh
ham,jus chillaxin
ham,hey das cool iknow wellda peril studentfinancial crisisspk u lr
ham,whats coming hill monster hope great day things r going fine busy though
ham,joys father john john joys father u ans ths hav iq tis ias question try answer
ham,ill obey
ham,didnt search online let know
ham,need go get
ham,pic please resend
ham,uhhhhrmm isnt tb test bad youre sick
ham,haf enuff space got like mb
spam,life never much fun great came made truly special wont forget enjoy one gbpsms
spam,want new video phone anytime network mins inclusive video calls downloads per week free deltomorrow call reply
spam,welcome please reply age gender begin eg
spam,freemsg month unlimited free calls activate smartcall txt call subscriptngbpwk unlimited calls help stoptxt stop landlineonly
spam,mobile mths update latest orange cameravideo phones free save å£s free textsweekend calls text yes callback orno opt
spam,new club dont fink met yet b gr c u please leave msg day wiv ur area reply promised carlie x callså£minmobsmore lkpoboxhpfl
ham,true easier
ham,sure since parents working tuesday dont really need cover story
ham,haha okay today weekend leh
ham,hi darlin youphone im athome youwanna chat
ham,dont know jack shit anything id sayask something helpful want pretend text whatever response hypotheticalhuagauahahuagahyuhagga
ham,youve always brainy one
ham,yeah get random dude need change info sheets party never study safe
ham,christmas occasion celebrated reflection ur values desires affections traditions ideal christmas
ham,sending greetings joy happiness gr evening
ham,hi darlin cantdo anythingtomorrow myparents aretaking outfor meal u free katexxx
ham,india win level series means record
ham,plan
ham,good hear
ham,awesome deal gate charles told last night uh yeah
ham,time thinkin goin
spam,get free mobile video player free movie collect text go free extra films ordered ts cs apply yrs
spam,save money wedding lingerie choose superb selection national delivery brought weddingfriend
ham,board working fine issue overheating also reslove still software inst pending come around clock
ham,yes dont care cause know
ham,mon okie lor haha best cheap n gd food la ex oso okie depends whether wana eat western chinese food den u prefer
ham,sitting ard nothing lor u leh busy w work
ham,k oh send home sale
ham,sorry mail
ham,ya telling abt tht incident
ham,yes outside like hours called whole family wake cause started
ham,ugh got outta class
ham,nowadays people notixiquating laxinorficated opportunity bambling entropication ever oblisingately opted ur books masteriastering amplikater fidalfication champlaxigating think atrocious wotz ur opinion junna
ham,need lar jus testing e phone card dunno network gd thk waiting sis finish bathing bathe dun disturb u liao u cleaning ur room
ham,ok ill right later
ham,lunch come quickly open door
spam,heard u call night knickers make beg like u last time xx luv nikiyunet
ham,back bit long cos accident divert via wadebridgei brilliant weekend thanks speak soon lots love
ham,k yan jiu liao sat go bugis vill one frm den hop parco nb sun go cine frm den hop orc mrt hip hop
spam,bloomberg message center wait apply future bloombergcom
ham,seeking lady street freak sheets
ham,phone
ham,haha figures well found piece priscillas bowl
ham,actually fuck whatever find excuse tampa point january though
ham,yay finally lol missed cinema trip last week
ham,day working dayexcept saturday sunday
ham,heart empty without love mind empty without wisdom eyes r empty without dreams life empty without frnds alwys touch good night sweet dreams
ham,think iû÷m waiting bus inform get ever get
ham,getting back time soon
ham,hows things quick question
ham,probably come everybodys done around right
ham,got new year cos yetunde said wanted surprise didnt see money returned mid january day return period ended
ham,ask around theres lot terms mids
ham,sure check yahoo email sent photos yesterday
ham,looking
ham,wherres boytoy
spam,want new video phone anytime network mins text five pounds per week call reply delivery tomorrow
ham,hello love goes day wish well fine babe hope find job prospects miss boytoy teasing kiss
ham,tell bad character u dnt lik ill try change add tat new year resolution waiting ur replybe frankgood morning
ham,yeah probably earlier
ham,change windows logoff sound
ham,im also came room
ham,huh got lesson lei n thinkin going sch earlier n tot parkin kent vale
ham,reach office around decimal mobile problem cannt get voice call asa ill free
ham,cool text head
spam,wan win meetgreet westlife u currently tour unbreakable untamed unkempt text cost p std text
ham,happy birthday may u find ur prince charming soon n dun work hard
ham,oh grand bit party doesnt mention cover charge probably first come first served
ham,said went back bed cant sleep anything
ham,hope arnt pissed id would really like see tomorrow love xxxxxxxxxxxxxx
spam,bank granite issues strongbuy explosive pick members nasdaq symbol cdgt per
ham,says year old man money im last still waiting check
ham,come ur home
ham,free day finish mon n thurs
ham,food
ham,life alle moneeppolum oru pole allalo
ham,nite
ham,two fundamentals cool life walk
ham,camera quite good mega pixels optical digital dooms lovely holiday safe hope hav good journey happy new year see couple weeks
ham,hi peteynoiåõm ok wanted chat coz avent spoken u long timehope ur doin alritehave good nit js love ya amx
ham,saw ron burgundy captaining party boat yeah
ham,im serious money base
ham,already one guy loving
ham,staff placement training amrita college
ham,always chat fact need money raise
ham,im job profile seems like bpo
ham,well give cos said didnû÷t one nighters persevered found one cheap apologise advance somewhere sleep isnt
ham,think actually talk call boss morning went place last year told could go get car fixed cheaper kept telling today much hoped would come back always regretted getting number etc
ham,willing go apps class
ham,hanging brother family
ham,reach telling dont know
ham,hey going quit soon xuhui working till end month
ham,im sorry bout last nite wasnåõt ur fault spouse pmt sumthin u give think u shldxxxx
ham,try neva mate
ham,yeah thatd pretty much best case scenario
ham,free today haf pick parents tonite
ham,hey babe far spunout spk da mo dead da wrld sleeping da sofa day
ham,send naughty pix
spam,å£ winner guaranteed caller prize final attempt contact claim call ppmpoboxbhambxe
spam,xmas new years eve tickets sale club day till pm thurs fri sat night week theyre selling fast
ham,tyler getting th leave long get like hour
ham,prepare pounded every night
ham,actually mobile full msg work online need send sent msg wil explain u later
ham,good evening
ham,im home please call
ham,oic cos n sis got lunch today dad went dunno whether eat sch wat
ham,mmmmm sooooo good wake words morning love mmmm fuck love lion devouring kiss across sea
ham,pleased inform application airtel broadband processed successfully installation happen within days
ham,happen dear silent tensed
ham,ill get unless guys want come time sooner
ham,coughing nothing
ham,ìï come lt n pass lar
ham,im e person whos e sms survey
ham,lol ok ill try send warned sprint dead slow youll prolly get tomorrow
ham,thank meet monday
ham,th gower mate r u man good wales ill b back åômorrow c u wk msg åð random
spam,rock yr chik get filthy films xxx pics yr phone rply filth saristar ltd e yt p per days stop cancel
ham,got like get later though get whatever feel like
ham,dad wanted talk apartment got late start omw
ham,love
ham,lol u still feeling sick
ham,din tell u jus
ham,eyes philosophy
spam,next month get upto calls ur standard network charge activate call c wirenet stterms pobox uz cost å£ min mobcudb
ham,ok lor im town lei
ham,alreadysabarish asked go
ham,da vijay going talk jaya tv
spam,urgent trying contact u todays draw shows å£ prize guaranteed call land line claim j po boxcpm
ham,lol know hey someone great inpersonation flea forums love
spam,text banneduk see cost p textoperator gga xxx
ham,still chance search hard get itlet try
spam,auction round highest bid å£ next maximum bid å£ bid send bids e g bid å£ good luck
ham,always celebrate nys family
ham,know taj mahal symbol love lesser known facts mumtaz shahjahans th wife wifes shahjahan killed mumtazs husband marry mumtaz died th delivery married mumtazs sister question arises hell love great hari
ham,okcome home vl nice meet v chat
spam,collect valentines weekend paris inc flight hotel å£ prize guaranteed text paris
ham,sent de webadres geting salary slip
ham,shes fine sends greetings
spam,customer loyalty offerthe new nokia mobile å£ txtauction txt word start get tctxt tc pmtmsg
ham,dint touch
ham,yup leaving right back soon
spam,wont believe true incredible txts reply g learn truly amazing things blow mind ofwd ptxt
ham,yeah sure ill leave min
ham,one teach ship cars
ham,sign maturity start saying big things actually start understanding small things nice evening bslvyl
ham,yeah confirmed staying weekend
ham,said ì dun haf passport smth like dat ì juz send email account
ham,multiply numbers independently count decimal points division push decimal places like showed
ham,lovely night wake see message hope smile knowing great morning
ham,ard lor
ham,right meanwhile hows project twins comin
ham,sent maga money yesterday oh
spam,hot n horny willing live local text reply hear strt back p per msg netcollex ltdhelpdesk reply stop end
ham,ride equally uneventful many pesky cyclists around time night
ham,wereare free give otherwise nalla adi entey nattil kittum
ham,ive sent wife text buy shell tell relax go get wkend
ham,escape theatre going watch kavalan minutes
ham,much would cost hire hitman
ham,anything lor
spam,want new nokia colour phone delivered tomorrow free minutes mobile free text free camcorder reply call
ham,huh cant go ur house empty handed right
ham,good morning princess happy new year
spam,congratulations youve youre winner august å£ prize draw call prize code
ham,aight well head
ham,wat r u busy wif work
ham,know mood today
ham,jay told already
ham,cps causing outages conserve energy
ham,im sure checking happening around area
ham,hey morning come ask pa
ham,jordan got voted last nite
ham,means got epi shes fine shes
ham,idea
ham,pls come quick cant bare
ham,call unable cal lets meet bhaskar deep
ham,ill meet library
ham,k roommate also wants dubsack another friend may also want plan bringing extra ill tell know sure
ham,depends individual lor e hair dresser say pretty parents say look gong u kaypoh also dunno wat collecting
ham,ok c ì
ham,enjoy watching playing football basketball anything outdoors
ham,please ask macho price range want something new used plus interfued blackberry bold bb
ham,sorry sent blank msg yup trying serious studying
ham,hey check da listed da
ham,meant apology texting get drugs night
ham,means february april ill getting place stay dont hustle back forth audition season since sister moved away harlem
ham,goin workout lor muz lose e fats
ham,damn poor zac doesnt stand chance
ham,want tel u one thing u mistake k message sent
ham,yeah right ill bring tape measure fri
ham,head straight
spam,get official england poly ringtone colour flag yer mobile tonights game text tone flag optout txt eng stop box wwx å£
ham,thank princess sexy
ham,oooh got plenty
ham,hui xin da lib
ham,big difference versus every hrs
ham,make cry stuff happens top everything else pushes edge dont underdtand often cry sorry sorry life
ham,babe feel lets get itboth try cheer upnot fit soo muchxxlove u locaxx
ham,know hook means right
spam,customer service announcement recently tried make delivery unable please call reschedule ref
ham,wats da model num ur phone
ham,hes really skateboarding despite fact gets thrown winds bandages shit arms every five minutes
spam,stop club tones replying stop mix see mytonecomenjoy html terms club tones cost gbpweek mfl
ham,house e sky quite dark liao raining got excuse run already rite hee
ham,sorry left phone upstairs ok might hectic would birds one fell swoop date
ham,thought didnt see
spam,wamma get laidwant real doggin locations sent direct mobile join uks largest dogging network txt dogs nownyt eca lp å£msg
ham,carlos says pick later yeah set
ham,hey babe friend cancel still visit
ham,hmm ill think ok youre forgiven
ham,hoping get away langport still town tonight
ham,want send virtual hug need one
ham,probably still going stuff
ham,issues right ill fix tomorrow
ham,come people
ham,senthil group company apnt pm
ham,oh really make air whats talent
ham,studying ill free next weekend
ham,r u yet im wearing blue shirt n black pants
ham,waiti come min
ham,reach ur home minutes
ham,well great weekend
ham,langport sorry ill probably bed pm sucks ill xmas gosri lanka
ham,frnd juz wordnot merely relationshipits silent promise says wherevr whenevr forevr gudnyt dear
ham,huh also cannot many mistakes
ham,ha u jus ate honey ar sweet
ham,im turning phone moms telling everyone cancer sister wont stop calling hurts talk cant put see u u get home love u
ham,honey sweetheart darling sexy buns sugar plum loverboy miss boytoy smacks ass go gym
ham,thanks loving rock
ham,yeah imma come cause jay wants drugs
ham,ok thanx take care
ham,yup thk u oso boring wat
ham,came look flat seems ok away alot wiv work got woman coming
ham,moji informed saved lives thanks
ham,whos class
ham,hey r ì still online ive finished formatting
ham,great attracts brothas
spam,promotion number ur awarded city break could win å£ summer shopping spree every wk txt store skilgme tscswinawkage å£perwksub
ham,lol happens vegas stays vegas
ham,hello hello hi lou sorry took long reply left mobile friends lancaster got bak neway im sorry couldnåõt make ur båõday hun
ham,use soc use home ìï dunno type word ar
ham,dad says hurry hell
ham,wake morning
ham,get class bsn like minutes know advising
ham,great shoot big loads get ready
ham,ill meet lobby
ham,still coming tonight
ham,happen dear tell
ham,sir waiting call free please call
ham,texted finished long time ago showered erything
ham,ok im sure time finish tomorrow wanna spend evening cos would vewy vewy lubly love xxx
ham,hello per request rs transfered
ham,tirupur call da
ham,sbut luck catches put
ham,noe ì specify da domain nusstu ìï still sch
ham,ohi asked fun hahatake care ì
ham,shall get pouch
ham,hey loverboy love tell look picture ache feel legs fuck want need crave
ham,boy sweet words left morning sighs goes day love start studying
ham,kent vale lor ìï wait ar
ham,ok good making money
ham,reading gud habit nan bari hudgi yorge pataistha ertini kano
ham,aight still want get money
ham,town v important
ham,sorry pa dont knw ru pa
ham,wat u
ham,meeting ì rite ill go home lor ì dun feel like comin ok
ham,oh get paid outstanding one commercial hasbroin august made us jump many hoops get paid still
ham,lateso call tomorrow morningtake care sweet dreamsu meummifyingbye
ham,networking technical support associate
ham,im gonna rip uterus
ham,cool like swimming pool jacuzzi house
spam,thanks ringtone order reference number x mobile charged tone arrive please call customer services colourredtextcolourtxtstar
ham,yeah gang ready
ham,blank blank wat blank lol
ham,im movie collect car oredi
ham,left already orchard
spam,hi nights ur lucky night uve invited xchat uks wildest chat txt chat pmsgrcvdhgsuitelandsrowwjhl ldn yrs
ham,nothing splwat abt u whr ru
ham,chikku nt yet ya im free
ham,aldrine rakhesh ex rtm herepls callurgent
ham,search happiness main sources unhappiness accept life way comes u find happiness every moment u live
ham,guess could good excuse lol
ham,isnt frnd necesity life imagine urself witout frnd hwd u feel ur colleg watll u wth ur cell wat abt functions thnk abt events espell cared missed irritated u wrd dearloving frnds wthout u cant live jst takecare goodmorning
ham,old orchard near univ
ham,tacos rajas burrito right
ham,itû÷s å£ get ok
ham,hows street end library walk
ham,plz note anyone calling mobile co asks u type disconnect callcoz iz attempt terrorist make use sim card itz confirmd nokia n motorola n verified cnn ibn
ham,stopped get ice cream go back
ham,stitch trouser
spam,tfp
ham,hey im bored im thinking u wat r u
ham,nah wednesday bring mini cheetos bag
ham,nobody names penis girls name story doesnt add
ham,aight let know youre gonna around usf
ham,im lip synced shangela
ham,ìï neva tell noe im home da aft wat
ham,bit ur smile hppnss drop ur tear sorrow part ur heart life heart like mine wil care u forevr goodfriend
spam,dear voucher holder claim st class airport lounge passes using holiday voucher call booking quote st class x
ham,buzz hey love think hope day goes well sleep miss babe long moment together againloving smile
ham,haha sounds crazy dunno tahan anot
ham,u early
ham,ya one slow poo
ham,im gloucesterroad uup later
ham,lol ouch wish id stayed bit longer
ham,god asked forgiveness little child gave lovely reply
ham,well join bus
ham,ask keep one maybe thats didnt get messages sent glo
ham,ki send min
ham,would smoking help us work difficult time
spam,someone u know asked dating service contact cant guess call revealed pobox sxy p
ham,yesmum lookin strong
ham,sir goodmorning free call
ham,call
ham,love girls office may wonder smiling sore
ham,hi wlcome back wonder got eaten lion something nothing much
ham,uncle timi help clearing cars
ham,came hostel going sleep plz call class hrishi
ham,ok bag
ham,ok lor msg b u call
spam,mila age blonde new uk look sex uk guys u like fun text mtalk pptxt st free å£ increments help
ham,fishrman woke early mrng dark waited found sack ful stones strtd throwin thm sea pass time atlast jus stone sun rose found tht r nt stones diamonds moraldont wake early mrng good night
spam,claim shopping spree call mobstorequizppm
ham,ur physics get
ham,dear friends sorry late information today birthday loving arpraveesh details log face book see number dont miss delicious treat
ham,r ì going send
ham,online transaction
ham,dear got train seat mine lower seat
ham,let know need anything else salad desert something many beers shall get
ham,whore unbelievable
spam,want funk ur fone weekly new tone reply tonesu text original n best tones gbp network operator rates apply
ham,sure dont mean get
ham,love know feel make belly warm wish love shall meet dreams ahmad adoring kiss
spam,twinks bears scallies skins jocks calling dont miss weekends fun call pmin stop texts call nat rate
ham,love want flood pretty pussy cum
ham,hey angry reply dr
ham,also remember beads dont come ever
ham,thread wishlist section forums ppl post nitro requests start last page collect bottom
ham,first time history need comfort luxury sold price india onionrs petrolrs beerrs shesil
ham,actually nvm got hella cash still ish
ham,ok least armands still around
ham,da happy sit together na
ham,yup song bro creative neva test quality said check review online
ham,dude fakemy frnds got money thts im reffering uif u member wit mail link u vl credited rs il getiing rsi draw acc wen rs
ham,dude makin weirdy brownies sister made awesome cookies took pics
spam,urgent trying contact last weekends draw shows å£ prize guaranteed call claim code k valid hours
ham,pls dont restrict eating anythin likes next two days
ham,mm ask come enough
ham,funeral home audrey dad
ham,aight text address
ham,excellent wish together right
ham,yep fine ice age
ham,pls wont belive godnot jesus
ham,dunno wat get
ham,yet chikkuk wat abt tht guy stopped irritating msging u
ham,long take get
ham,number vivek
spam,xmas iscoming ur awarded either å£ cd gift vouchers free entry r å£ weekly draw txt music tnc
ham,sorry brah finished last exams
ham,got arrested possession shit time pm
ham,right though cant give space want need really starting become issue going suggest setting definite move outif im still greece maybe ready
ham,normal
ham,please protect ethreats sib never asks sensitive information like passwordsatmsms pin thru email never share password anybody
ham,miss much im desparate recorded message left day listen hear sound voice love
ham,hi im always online yahoo would like chat someday
ham,goodmorningmy grandfather expiredso leave today
spam,congratulations u claim vip row tickets c blu concert november blu gift guaranteed call claim tscs costå£max
ham,yuou working getting pc moms find spot would work need
ham,sure ill see come bit
ham,agree stop thinkin ipad please ask macho question
ham,lets pool money together buy bunch lotto tickets win get u get deal
ham,watching tv lor nice one like lor
ham,im thinking chennai forgot come auction
ham,ì come n pick ar
ham,early bird purchases yet
ham,went pay rent go bank authorise payment
ham,erm û ill pick pm thatll give enough time get park
ham,hey mate hows u honeydid u ave good holiday gimmi de gossx
ham,howz painit come todaydo said ystrdayice medicine
ham,chile please decimal hour drive come time subletting febapril audition season
ham,yes ammaelife takes lot turns sit try hold steering
ham,yeah thats thought lemme know anythings goin later
ham,mmmm cant wait lick
ham,pls go today dont want excuses
ham,plz tell ans bslvyl sent via fullonsmscom
ham,u town alone
ham,looking forward sex cuddling two sleeps
ham,rounderso required
ham,truekdo u knw dis
ham,dont worry day big lambu ji vl cometil enjoy batchlor party
ham,oh ya got hip hop open haha thinking go jazz zoom cine actually tonight im free leh theres kb lesson tonight
spam,free msg single find partner area real people waiting chat nowsend chat cncl send stopcs å£ per msg
ham,im ok part tomorrow
ham,found diff farm shop buy cheese way back call
ham,r u still working
spam,win newest åòharry potter order phoenix book reply harry answer questions chance first among readers
ham,yep like pink furniture tho
spam,free msg ringtonefrom widelivecomindex wmlidbaeceffffirsttruejul
ham,customer place wil cal u sir
spam,oh god ive found number im glad text back xafter msgs cst std ntwk chg å£
ham,pure hearted person wonderful smile makes even hisher enemies feel guilty enemy catch world smile goodmorning smiley sunday
ham,thatåõs alrite girl u know gail neva wrongtake care sweet donåõt worryc u ltr hunlove yaxxx
ham,theoretically yeah could able come
ham,alright hooked guys
ham,know people still town
ham,let math good
ham,oh ok wait lect havent finish
ham,yeah usual guys town therere definitely people around know
ham,joining today formallypls keep prayingwill talk later
ham,happy sad one thing past good morning
ham,multimedia message email
ham,okie scared u say fat u dun wan already
ham,u get message
ham,sorry sir call tomorrow senthilhsbc
ham,need person give na
ham,left vague said would inform person accounting delayed rent discuss housing agency renting another place checking online places around usc
ham,hi juan im coming home fri hey course expect welcome party lots presents ill phone u get back loads love nicky x x x x x x x x x
ham,gumbys special cheese pizza know doin tonight
spam,link picture sent also use
ham,like personal sized
ham,im great aunts anniversary party tarpon springs
ham,cab availablethey pick drop door steps
ham,oktake careumma
ham,unlimited texts limited minutes
spam,double mins txts orange tariffs latest motorola sonyericsson nokia bluetooth free call mobileupd calloptouthf
ham,problem spending lot quality time together
spam,urgent nd attempt contact u å£ prize yesterday still awaiting collection claim call aclpm
ham,heard week
spam,dear dave final notice collect tenerife holiday cash award call landline tcs sae box cwwx ppm
ham,yes last practice
spam,tells u call claim å£ prize u enter ur mobile personal details prompts careful
ham,thank youve wonderful
ham,ìï mean confirmed tot juz say oni ok
ham,depends would like treated
ham,right brah see later
ham,waiting e car mum lor u leh reach home already
spam,account xxxxxxxxx shows unredeemed points claim call identifier code xxxxx expires
spam,want new video handset anytime network mins half price line rental camcorder reply call delivery tomorrow
ham,went fast asleep deartake care
ham,means fat head
ham,sounds like plan cardiff still still cold im sitting radiator
ham,serious like proper tongued
ham,shes good wondering wont say hi shes smiling coping long distance
ham,noe shes da car later c lar im wearing shorts
ham,yeah whatever lol
ham,ard lor ok message ì lor
ham,ok c u
ham,eh ur laptop got stock lei say mon muz come take look c got
ham,need ke qi ìï bored izzit suddenly thk
ham,wish dont think gonna snow much flurries usually get melt hit ground eek havent snow since even born
spam,freeringtone reply real poly eg real pushbutton dontcha babygoodbye golddigger webeburnin st tone free u join å£wk
ham,oh really perform write paper go movie home midnight huh
ham,okay lor still let us go ah coz know later drop cards box right
ham,izzit still raining
ham,wasnt enough trouble sleeping
ham,havent add ì yet right
ham,lol really need remember eat im drinking appreciate keeping company night babe smiles
ham,babe lost try rebooting
ham,yes nigh cant aha
ham,thk ì gotta go home urself cos ill b going shopping frens present
ham,nooooooo im gonna bored death day cable internet outage
ham,sos amount get pls
ham,playin space poker u
ham,come guoyang go n tell u told
ham,need get
ham,r giving second chance rahul dengra
ham,yeah fact asked needed anything like hour ago much
ham,first strike red one bird antelope begin toplay fieldof selfindependence believe flower contention growrandom
ham,ì wan go c doctor
ham,daddy bb
spam,free msg get gnarls barkleys crazy ringtone totally free reply go message right
ham,shes borderline yeah whatever
ham,lor ya go dinner together
ham,gentle princess make sweet gentle love
ham,u doin baby girl hope u okay every time call ure phone miss u get touch
ham,sorry went bed early nightnight
ham,like think theres always possibility pub later
ham,hmm yeah grooved im looking forward pound special
ham,got video tape pple type message lor u free wan help hee cos noe u wan watch infernal affairs ask u along asking shuhui oso
ham,hi dude hw r u da realy mising u today
ham,hungry buy food good lei mum n yun dun wan juz buy little bit
spam,refused loan secured unsecured cant get credit call free text back help
ham,probably wont eat today think im gonna pop weekend u miss
ham,knew u slept v late yest wake late
ham,haha dont angry take practice real thing
ham,one day training
ham,could kiss feel next
ham,nice day dear
ham,sent lanre fakeyes eckankar details mail box
ham,dad back ph
spam,specially selected receive award call lines close cost ppm tcs apply ag promo
ham,ask say please message
ham,e timing go w u lor
ham,callin say hi take care bruv
spam,valued vodafone customer computer picked win å£ prize collect easy call
ham,u turn heater heater set degrees
ham,thanks message really appreciate sacrifice im sure process direct pay find way back test tomorrow im class wonderful day
ham,thats trouble classes go well youre due dodgey one û expecting mine tomo see recovery time place
spam,free video camera phones half price line rental mths cross ntwk mins txts call mobileupd calloptout
ham,wot u j
ham,night night see tomorrow
ham,roger weû÷re probably going rem
ham,u think girl propose u today seing ur bloody funky shit fucking faceasssssholeeee
ham,wish u feel alone
ham,reason team budget available last buy unsold players base rate
ham,ceri u rebel sweet dreamz little buddy c ya moro needs blokes
spam,ringtoneking
ham,huh cant thk oredi many pages
ham,frens go lor alone wif mum n sis lor
ham,nationwide auto centre something like newport road liked
ham,hey missed tm last night phone charge smiles meeting friend shortly
ham,whatever juliana whatever want
spam,ringtone club gr new polys direct mobile every week
ham,hello sort town already dont rush home eating nachos let know eta
ham,ok lor anyway thk cant get tickets cos like quite late already u wan go look ur frens darren wif
ham,dizzamn aight ill ask suitemates get back
ham,nimbomsons yep phone knows one obviously cos thats real word
ham,love cuddle want hold strong arms right
ham,r u continent
ham,well pay like yrs difficult
spam,bored housewives chat n date btnational rate pmin landlines
spam,tried call reply sms video mobile mins unlimited text free camcorder reply call del thurs
ham,kkwhen give treat
spam,nd time tried contact u u å£ prize claim easy call p per minute btnationalrate
ham,hes gonna worry nothing wont give money use
ham,get gift year didnt get anything bad
ham,well theres pattern emerging friends telling drive come smoke telling im weed fiendmake smoke muchimpede things see im hesitant
ham,ow u deyi paid thousadi told u would call
ham,im fine babes aint much tho saw scary movie yest quite funny want mrw afternoon town mall sumthinxx
ham,im reaching home min
ham,forgot working today wanna chat things ok drop text youre free bored etc ill ring hope well nose essay xx
ham,ha must walk everywhere cannot take tram cousin said walk vic market hotel
ham,discussed mother ah
ham,sorry cant text drive coherently see twenty
spam,receiving weeks triple echo ringtone shortly enjoy
ham,place get rooms cheap
ham,eek thats lot time especially since american pie like minutes long cant stop singing
ham,gran onlyfound afew days agocusoon honi
spam,uve selected stay top british hotels nothing holiday valued å£ dial claim national rate call bx swss
ham,university southern california
ham,pick rayan macleran
ham,u gd lor go shopping got stuff u wan watch infernal affairs come lar
ham,well balls time make calls
ham,wat time ì wan today
ham,mca conform
ham,oh ok wats ur email
ham,yes princess going make moan
ham,lol ok didnt remember til last nite
ham,û anyway many good evenings u
ham,cool ill text
ham,sorry vikky im watching olave mandara movie kano trishul theatre wit frnds
ham,im happy babe woo hoo party dude
ham,taking italian food pretty dress panties
ham,wot u thout u gonna call txt bak luv k
spam,chosen receive å£ award pls call claim number collect award selected receive valued mobile customer
ham,holding
ham,dont flatter tell man mine two pints carlin ten minutes please
ham,hope scared
ham,im home n ready
ham,time u get
ham,literally bed like hours
ham,yes reg ciao
ham,mean website yes
spam,win å£ cash prize prize worth å£
spam,thanks ringtone order reference number xyour mobile charged tone arrive please call customer services
ham,lol could starve lose pound end day
ham,yeah thats impression got
ham,ok ok take care understand
ham,motivate behind every darkness shining light waiting find behind every best friend always trust love bslvyl
ham,ya ok dinner
ham,slept timeyou
ham,dont make ne plans nxt wknd coz wants us come ok
ham,school starting stay whats weather like food social support system like friends school things important
ham,ha ha nan yalrigu heltiniiyo kothi chikku u shared many things wit meso far didnt told body even uttered word abt u ur trusting much tell others plz nxt time dont use words meok chikkub
ham,noice text youre
ham,hi di yijue meeting pm esaplanade tonight
spam,moby pub quizwin å£ high street prize u know new duchess cornwall txt first name unsub stop å£ sp
spam,weeks savamob member offers accessible call details savamob pobox la wu å£week savamob offers mobile
ham,aight ive set free think could text blakes address occurs im quite sure im thought
ham,hi dear saw dear happy battery low
ham,ages hows abj
ham,prof passed papers sem congrats student enna kalaachutaarama prof gud mrng
ham,dont kick coco hes
ham,fyi im gonna call sporadically starting like bc doin shit
spam,contacted dating service someone know find call mobile landline poboxldns
spam,tbspersolvo chasing us since sept forå£ definitely paying thanks information ignore kath manchester
ham,hope youåõre much fun without see u tomorrow love jess x
ham,ok wont call disturb one know avoiding burden
ham,ive reached home n bathe liao u call
spam,loans purpose even bad credit tenants welcome call noworriesloanscom
ham,actual exam harder nbme
ham,lot sickness thing going round take easy hope u feel better soon lol
spam,kick new season wks free goals news ur mobile txt ur club name eg villa
ham,hey sathya till dint meet even single time saw situation sathya
ham,gam gone outstanding innings
ham,played smash bros religiously
ham,sir good morning hope good weekend called let know able raise dad however said would make rest available mid feb amount still quite short hoping would help good day abiola
ham,hurry home soup done
ham,good afternoon love good see words ym get tm smart move slave smiles drink coffee await
ham,quite ok bit ex u better go eat smth else ill feel guilty
spam,orange brings ringtones time chart heroes free hit week go ringtones pics wap stop receiving tips reply stop
ham,lemme know youre
ham,needs stop going bed make fucking dealing
ham,love brother time talk english grins say hey muhommad penny says hello across sea
spam,tried call reply sms video mobile mins unlimited text free camcorder reply call
ham,hey doc pls want get nice shirt hubby nice fiting ones budget k help pls load card abi hwkeep posted luv mj
ham,remain unconvinced isnt elaborate test willpower
ham,life nothing wen v get everything life everything wen v miss something real value people wil realized absence gud mrng
ham,miss
ham,aint answerin phone actually pretty reasonable hour im sleepy
ham,hey rite u put åè evey mnth
ham,going bed prin
ham,think ûthanks see tomo
ham,u dun drive go sch
ham,home lei
spam,gsoh good spam ladiesu could b male gigolo join uks fastest growing mens club reply oncall mjzgroup stop reply stop
ham,u hav frnd name ashwini ur college
ham,jus finish lunch way home lor tot u dun wan stay sch today
ham,k marrow coming class
ham,pls send address sir
ham,want lick pussy
ham,yo gonna still stock tomorrowtoday im trying get dubsack
spam,urgent mobile number awarded prize guaranteed call landline claim valid hrs ppm
ham,ill see prolly yeah
ham,thought could go dinner ill treat seem ok
ham,stand away doesnt heart ache without dont wonder dont crave
ham,sorry never hear unless book one kinda jokethet really looking skinny white girls one lineyou much camera something like theyre casting look
ham,sure thing big man hockey elections shouldnû÷t go longer hour though
ham,watch lor saw swatch one thk quite ok ard need nd opinion leh
ham,hiya u like hlday pics looked horrible took mo hows camp amrca thing speak soon serena
ham,babe goes day miss already love loving kiss hope everything goes well
ham,yunny im goin late
ham,doc prescribed morphine cause pain meds arent enough waiting mom bring med kick fast im gonna try later
ham,cool want go kappa meet outside mu
ham,hey sexy buns told adore loverboy hope remember thank sister law meatballs grins love babe
ham,may b approve panalambut posts
spam,spjanuary male sale hot gay chat cheaper call national rate pmin cheap pmin peak stop texts call pmin
ham,im workin get job
ham,youre done mean
ham,ur luck love someone ur fortune love one loves u
ham,hi baby ive got back work wanting see u allday hope didnt piss u phone today u give call xxx
spam,freemsg todays day ready im horny live town love sex fun games netcollex ltd p per msg reply stop end
ham,yahoo boys bring perf legal
ham,need say anything know outsider
ham,ever one foot
ham,got
ham,good donû÷t need receiptsûówell done û yes please tell whatû÷s number could ring
ham,leave wif lar ìï wan carry meh heavy da num familiar ì
ham,beautiful truth expression face could seen everyone depression heart could understood loved ones gud ni
ham,infact happy new year seeing
spam,simpsons movie released july name band died start film agreen day bblue day cred day send b c
ham,thats shame maybe cld meet hrs tomo
ham,lol would despite cramps like girl
ham,canåõt wait cornwall hope tonight isnåõt bad well itåõs rock night shite anyway iåõm going kip good night speak soon
ham,pls help tell sura im expecting battery hont pls send message download movies thanks
spam,please call amanda regard renewing upgrading current tmobile handset free charge offer ends today tel subject ts cs
ham,havent found way get another app phone eh go net cafe take job geeee need babe crave see
ham,work mon thurs sat cant leh booked liao day u free
ham,ìï comin fetch us oredi
ham,whats nannys address
ham,haf u eaten wat time u wan come
spam,want new video phone anytime network mins half price line rental free text months reply call free delivery
ham,yo call get chance friend mine wanted ask big order
ham,single single answers fighting plus said broke didnt reply
ham,certainly puts things perspective something like happens
ham,got tv watch meh u work today
ham,felt sonot conveying reason ese
ham,hows going got exciting karaoke type activities planned im debating whether play football eve feeling lazy though
ham,told coming wednesday
ham,ok called mom instead fun
ham,well im desperate ill call armand
ham,work right
ham,havent heard anything hes answering texts im guessing flaked said jb fantastic
ham,mmmmmm love youso much ahmad cant wait year begin every second takes closer side happy new year love
ham,pls whats full name jokes school cos fees university florida seem actually k pls holla back
ham,ok said ive got wisdom teeth hidden inside n mayb need remove
ham,pls pls drink plenty plenty water
ham,hows queen going royal wedding
ham,hes lag thats sad part keep touch thanks skype
ham,ok lor go tog lor
ham,two teams waiting players
ham,ì send copy da report
ham,swhrt u deyhope ur ok tot u daylove n misstake care
ham,ok da already planned wil pick
spam,urgent please call abta complimentary spanish holiday å£ cash await collection sae tcs box po ez ppm
ham,really need shit tomorrow know wont awake like
ham,im good registered vote
ham,hmm ok ill stay like hour cos eye really sore
ham,dear got bus directly calicut
ham,mm umma ask vava also come tell play later together
ham,well general price oz let know ifwhenhow much want
ham,moment dayhas valuemorning brings hopeafternoon brings faithevening brings luvnight brings restwish u find todaygood morning
ham,w jetton ave forgot
ham,ok im coming home
ham,use foreign stamps country
ham,sorry lot friendofafriend stuff im talk actual guy wants buy
spam,cmon babe make horny turn txt fantasy babe im hot sticky need replies cost å£ cancel send stop
ham,wylie update weed dealer carlos went freedom class lunsford
ham,happy baby alright take job hope fine send kiss make smile across sea kiss kiss
ham,c movie juz last minute decision mah juz watch lar tot ì interested
ham,enjoying semester take care brother
spam,important information orange user xxxxxx today ur lucky day find log onto theres fantastic prizeawaiting
ham,get door im
ham,lets use next week princess
ham,go home first lar ì wait lor put stuff first
ham,want kfc tuesday buy meals gravy mark
ham,dahe stupid daalways sending like thisdon believe messagepandy mental
ham,oi gonna ring
spam,missed call alert numbers called left message
ham,attended nothing
ham,ard like dat lor juz meet mrt station ì dun haf come
ham,dear sleeping p
ham,er mw im filled tuth aight
ham,office around pm going hospital
ham,actually im waiting weeks start putting ad
ham,anything lor go go lor
ham,u free sat rite u wan watch infernal affairs wif n darren n mayb xy
ham,yo around friend mines lookin pick later tonight
ham,stupid auto correct phone
ham,double eviction week spiral michael good riddance
ham,world suffers lot violence bad people silence good people
ham,ok thats cool either raglan rd edward rd behind cricket ground gimme ring ur closeby see tuesday
ham,buy one egg daplease
ham,started skye
ham,bookedthe hut also time way
ham,several sir
ham,u really pig leh sleep much dad wake smth eat lunch today
ham,love hope anything drastic dont dare sell pc phone
spam,freemsg records indicate may entitled pounds accident claim free reply yes msg opt text stop
ham,life style garments account please
ham,lol wtf random btw lunch break
ham,sez hows u de arab boy hope u r good give love evry love ya eshxxxxxxxxxxx
ham,lay man let know missed thought great day send bimbo ugos numbers ill appreciate safe
ham,detroit home snow enjoy
spam,show ur colours euro offer get england flag lions tone ur phone click following service message info
ham,aight im chillin friends room text youre way
ham,toshiba portege gd
ham,well welp sort semiobscure internet thing
spam,text pass collect polyphonic ringtones normal gprs charges apply enjoy tones
spam,accordingly repeat text word ok mobile phone send
ham,loosu go hospital de dont let careless
ham,much eighth
ham,omg joanna freaking shes looked thru friends find photos shes asking stuff myspace havent even logged like year
ham,send ur birthdate month year tel u ur life partners name method calculation reply must
ham,juz havent woke bit blur blur dad went liao cant cum oso
ham,clothes jewelry trips
spam,block breaker comes deluxe format new features great graphics tmobile buy å£ replying get bbdeluxe take challenge
ham,aah cuddle would lush id need lots tea soup kind fumbling
spam,important information orange user today lucky dayfind log onto theres fantastic surprise awaiting
ham,plans family set stone
ham,pls dont forget study
ham,youll never believe actually got taunton wow
ham,den weekdays got special price haiz cant eat liao cut nails oso muz wait finish drivin wat lunch still muz eat wat
ham,broke list reasons nobodys town cant tell shes sarcastic faggy
ham,decimal common car better buy china asia find less expensive ill holla
ham,greatest test courage earth bear defeat without losing heartgn tc
ham,sorry im stil fucked last nite went tobed got work
ham,hey whats plan sat
ham,beauty sleep help ur pimples
ham,great hope using connections mode men also cos never know old friends lead today
spam,natalja f inviting friend reply yes see stop send stop frnd
ham,get
ham,kind missed train cos asthma attack nxt one half hr driving sure park
ham,ball moving lotwill spin last difficult bat
ham,haiyoh maybe hamster jealous million
ham,please send auntys number
ham,im glad following dreams
ham,ive reached home finally
ham,wn u r hurt prsn close u fight wit dem coz somtimes dis fight saves relation bt quiet leaves nothin relation gud eveb
ham,science tells chocolate melt sunlight please dont walk sunlight bcozi dont want loss sweet friend
ham,yes come nyc audiitions trying relocate
ham,pocked
ham,congrats thats great wanted tell tell score cos might make relax motivating thanks sharing
ham,wud never mind u dont miss u dont need u wil really hurt wen u need u dont tell take care
ham,hey mr whats name bill brison book one language words
ham,okay good problem thanx
ham,information ikea spelled caps yelling thought left sitting bed among mess came said going got home class please dont try bullshit makes want listen less
ham,call ure done
ham,gwr
ham,best watch say cause get drunk motherfucker
spam,kit strip billed p netcollex ltd po box ig oja
spam,thesmszonecom lets send free anonymous masked messagesim sending message theredo see potential abuse
ham,erm woodland avenue somewhere get parish magazine telephone number
ham,ta jobs available let know please cos really need start working
ham,aiyar hard type u later free tell call n scold n tell u
ham,yup im free
ham,good good billy mates gone jogging enjoy concert
ham,yo come carlos soon
ham,awww dat sweet think something nice time tonight ill probably txt u later cos im lonely xxx
ham,guess useless calling u something important
ham,ha ha popped loo helloed hello
ham,dint tell anything angry told abi
ham,happens r waxsto wat want come ill get medical insurance shell able deliver basic care im currently shopping right medical insurance give til friday morning thats ill see major person guide right insurance
ham,keep ten rs shelf buy two egg
ham,wasnt well babe swollen glands throat end
ham,ur changes da report big cos ive already made changes da previous report
ham,captain room
ham,cant speak bcaz mobile problem listen cannt listen voice calls later
ham,hiya stu wot u im much truble home moment evone hates even u wot hell av done wont u tell text bck please luv dan
ham,si take mokka players
ham,still playing gautham
ham,hey mr going sea view couple gays mean games give bell ya finish
ham,k jason says hes gonna around ill around
ham,sorry able get see morning
ham,aight well keep informed
ham,searching good dual sim mobile pa
ham,seems unnecessarily hostile
ham,dude got haircut breezy
spam,congrats mobile g videophones r call videochat wid ur mates play java games dload polyh music noline rentl bx ip pm
ham,appledayno doctor tulsi leafdayno cancer lemondayno fat cup milkdayno bone problms litres watrdayno diseases snd ths u care
ham,thought king hill thing
ham,nope ill come online
ham,also tell said happy birthday
ham,bishan lei tot ì say lavender
ham,boo time u get u supposed take shopping today
ham,u sound like manky scouse boy stevelike travelling da bus homewot u inmind recreation dis eve
ham,fyi im taking quick shower epsilon like min
ham,tuesday night r u real
ham,yes appt
ham,got outta class gonna go gym
ham,want sent mesages today thats sorry hurts
ham,ìï write wat
ham,ha wouldnt say didnt read anything way u seemed dont like judgementali save fridays pub
ham,valentine game send dis msg ur friends answers r someone really loves u ques colour suits best
ham,hidid asked waheeda fathima leave
ham,enjoy urself tmr
ham,still around could use halfth
ham,give us back id proof rs wont allow work come home within days
ham,ìï bot notes oredi cos juz rem got
ham,yes rent expensive way save
ham,hows pain deary r u smiling
ham,fun fact although would think armand would eventually build tolerance shit considering much smokes gets fucked like hits
spam,important information orange user xxxxxxx today lucky dayfind log onto theres fantastic surprise awaiting
ham,great send account number
ham,hellogorgeous hows u fone charge lst nitw wen u texd hopeu ad nice wkend im sure u lookin ward cin u mrw luv jaz
spam,dating service asked contact u someone shy call revealed pobox uz p
ham,ìï send contents page
ham,night sweet sleep well ive see exorcism emily rose may never sleep hugs snogs
ham,dont think u got think use got good ni
ham,cant right second gotta hit people first
ham,evry emotion dsnt hav wordsevry wish dsnt hav prayrs u smiled world wit uothrwise even drop tear dsnt lik stay wit uso b happy good morning keep smiling
ham,remember
ham,ujhhhhhhh computer shipped address sandiago parantella lane wtf poop
ham,mm yes dear look hugging p
ham,like dis sweater fr mango size already irritating
ham,dont number gonna massive pain ass id rather get involved thats possible
ham,anytime lor
spam,want new video handset time network mins unlimited text camcorder reply call del sat
spam,ur balance å£ next question complete landmark big bob b barry c ben text b c good luck
ham,fineabsolutly fine
ham,k youre sure dont consent forms v
spam,ur tonexs subscription renewed charged å£ choose polys month billing msg
spam,dont prize go another customer tc pmin polo ltd suite london wj hl please call back busy
ham,much torch ja
ham,nothing u dinner w us
ham,checking
ham,done internet connection v slow canû÷t send try later first thing tomo
ham,mathews tait edwards anderson
ham,yeah sure thing mate haunt got stuff sorted im going sound anyway promoting hex way dont know number joke
ham,need lar go engin cos sis arts today
ham,thanks honey still havent heard anything leave bit longer crowd try later great advice thanks hope cardiff still
ham,im snowboarding trip wondering planning get everyone together befor goa meet greet kind affair cheers
ham,sim watching live
ham,see christmassy
ham,k im ready
ham,new years plans
spam,recpt ordered ringtone order processed
ham,baaaaaaaabe wake miss crave need
ham,got message ignoring yes shopping
ham,dear mood cant drive brother drive
ham,dad get back
ham,tell shola please go college medicine visit academic department tell academic secretary current situation ask transfer ask someone check sagamu thing lautech vital completes medical education nigeria less expensive much less expensive unless getting citizen rates new zealand
ham,yes finished watching days lives love
ham,juz go google n search qet
ham,many times lose best ones bcoz
ham,good friends care close friends understand true friends stay forever beyond words beyond time gud ni
ham,getting back home
ham,sorry ill call later mins
ham,dun need use dial juz open da browser n surf
spam,one registered subscribers u enter draw gb gift voucher replying enter unsubscribe text stop
ham,awesome plan get time like ill text details wee bit
ham,take care sleep wellyou need learn change lifeyou need get convinced thati wait conversations usget convinced timeyour family many sensesrespect overemphasiseor u role life
spam,chance win free bluetooth headset simply reply back adp
ham,also didnt get na hi hi hi hi hi
ham,ya cant display internal subs gotta extract
ham,said anything wrong sorry de
ham,stupid say challenge godyou dont think write instead respond immed
ham,yeah able ill text im ready meet
ham,v skint fancied bevieswaz gona go meet othrs spoon jst bin watchng planet earthsofa v comfey dont make hav gd night
ham,says hes quitting leasttimes day wudnt take much notice nah didnt mind gonna see want come taunton tonight u tell
ham,get free call
ham,little darlings far week need coffee run tomocant believe time week already û
ham,still west coast haiz ìïll take forever come back
ham,mmm fuck merry christmas
ham,alright thanks advice enjoy night ima try get sleep
ham,update face book status frequently
ham,saw messageit k da
ham,something u ate
ham,bank say money
ham,aiyar dun disturb u liao thk u lots aft ur cupboard come
ham,hey r watching movie tonight ill prob b home early
ham,yar lor u noe u used dat route
ham,mro coming gym machan goodnight
ham,dont think need yellow card uk travel ask someone gone bucks
ham,u look da lib got stuff havent finish yet
ham,sounds great im going sleep good night
spam,dont b floppy b snappy happy gay chat service photo upload call pmin stop texts call
ham,come u got nothing
ham,nothing ever easy dont looking reason take risk life love
ham,want grasp pretty booty
ham,ive got tea sure flavour
ham,im going orchard laready reaching soon u reaching
ham,dear denying words please
ham,know old dom told yesterday name roger got touch last night wants meet today pm
ham,come back tampa ffffuuuuuuu
ham,celebrate båõday else
ham,merry christmas u annie
ham,please tell special stock talking
ham,sent like
ham,awesome minute
ham,problem walk around julianaland oblivious going around say things constantly go one ear go whatever want dont know im upsetits dont listen tell going upset want surprised im mad
ham,ive told everything stop dont let get dehydrated
ham,guess min
ham,im home ard wat time u reach
ham,want mapquest something look usf dogwood drive
ham,aight plan come later tonight
ham,die accidentally deleted e msg suppose put e sim archive haiz sad
spam,welcome ukmobiledate msg free giving free calling future mgs billed p daily cancel send go stop
ham,wishing great day moji told offer always speechless offer easily go great lengths behalf stunning exam next friday keep touch sorry
ham,thanks reply today ur visa coming r u still buying gucci bags sister things easy uncle john also bills really need think make money later sha
ham,sorry flaked last night shits seriously goin roommate tonight
ham,said look pretty wif long hair wat thk hes cutting quite short leh
ham,cheers callin babesozi culdnt talkbut wannatell u details later wenwecan chat properly x
ham,hey u still gym
ham,much better thanks lol
ham,nothing smsing u n xy lor sorry lor da guys neva c u person sort know u lor u wan meet xy ask bring u along next meeting
ham,lemme know swing pick im free basically time semester
ham,wa u efficient gee thanx
spam,received mobile content enjoy
ham,able sleep
spam,want explicit sex secs ring costs pmin
ham,meet soon princess ttyl
ham,ill pick pm go taunton still want come
ham,oh outside players allowed play know
ham,erutupalam thandiyachu
ham,cant u try new invention flyim joking
ham,noits ful song lyrics
ham,u reckon need arrange transport u cant thanks
ham,true lov n care wil nevr go unrecognized though somone often makes mistakes valuing definitly undrstnd start missing
ham,shopping eh ger toking abt syd lehhaha
ham,standing
ham,good weekend
ham,miss call miss call khelate kintu opponenter miss call dhorte lage thats rule one great phone receiving quality wins
ham,call get chance plz
ham,new deus ex game comin early next yr
ham,computer fried essential part dont keep spares fucking idiot roommates looovvve leaving thing running full
ham,friend shes studying warwick weve planned go shopping concert tmw may canceled havnt seen ages yeah get together sometime
ham,probably couple hours tops
ham,lol grins im babe thanks thinking
ham,man bus slow think youre gonna get
ham,hope text meets smiling let text give reason smile beautiful day
ham,case wake wondering forgot take care something grandma today done parade
spam,latest nokia mobile ipod mp player å£ proze guaranteed reply win norcorp ltdå£mtmsgrcvd
spam,sms services inclusive text credits pls goto login qxj unsubscribe stop extra charge help comuk cm ae
ham,nvm take ur time
ham,wats da decision
ham,wot u bitch
ham,told hr want posting chennaibecause im working
spam,mobile club choose top quality items mobile cfcaa
ham,guys leaving
ham,neva grumble sad lor hee buy tmr lor aft lunch still meetin lunch tmr neva hear fr lei ìï got lot work ar
ham,able anything
ham,ìï takin linear algebra today
ham,weekend fine excuse much decorating
ham,sorry missed babe late slept hope enjoy driving lesson boytoy miss teasing kiss
ham,project pa come
spam,money wining number wot next
ham,sure whenever show fuck
ham,random saw old roomate campus graduated
ham,men always needs beautiful intelligent caring loving adjustable cooperative wife law allows one wife
ham,sucks got planned yo valentine yo valentine arent
ham,got part nottingham hrs miles good thing love man much mph hey ho
ham,think one saying clearly ok leave need ask go come
ham,hi good mornin thanku wish u
ham,u want meet morro
ham,actually decided hungry havent left yet v
ham,ive sent ì part
ham,cos shopping wif darren jus n called ask wat present wan lor started guessing wif n finally guessed darren lor
spam,want cock hubbys away need real man satisfy txt wife strings action txt stop end txt rec å£ea otbox la ws
ham,understand loss gain work school
ham,u missed u havent much bit bored holiday want go bak college sad isnt itxx
ham,hiya probably coming home weekend next
ham,dont forget though love walk beside watching keeping heart warm
ham,wish things different wonder able show much value pls continue brisk walks drugs without askin please find things laugh love dearly
ham,ok days making dinner tonite invited
spam,gr new service live sex video chat mob see sexiest dirtiest girls live ur phone details text horny cancel send stop
ham,money steve mate
ham,im late tellmiss im way
ham,normally use drink water daily
ham,dare ask luck sorting car
ham,partys place usf charge contribute way greatly appreciated yeah got room one
ham,urgh coach hot smells chip fat thanks especially duvet predictive text word
ham,hiya last night ive naughty bought clothes little ready shopping tho kind time wanna meet
spam,freemsg hi baby wow got new cam moby wanna c hot pic fancy chatim win utxt rply chat hlp msgp rcv
ham,ive trying reach without success
ham,derek done class
ham,never lei v lazy got wat dat day ì send da url cant work one
ham,never try alone take weight tear comes ur heart falls ur eyes always remember stupid friend share bslvyl
ham,hey mate spoke mag people weû÷re deliver end month deliver th sept talk later
ham,haha friend tyler literally asked could get dubsack
ham,hey u fancy meetin cha åð hav lil beverage txt ring meet lr quite tired got vpist love pete x x x
ham,great safe trip dont panic surrender
ham,symptoms u love u like listening songs u get stopped u see name beloved u wont get angry
ham,sun ah thk mayb dun anythin thk book e lesson e pilates orchard mrt u noe hor
ham,try something dear read something exams
ham,gettin rdy ship comp
ham,hospital da return home evening
ham,piss talking someone realise u point itnow read backwards
ham,think da wil
ham,im awake oh whats
ham,good afternoon boytoy goes walking day get police abstract still wake miss babe
ham,much u trying get
ham,come around decimal pm vikkyim otside nw il come tht time
ham,tell address
ham,buy blackberry bold torch buy new used let know plus saying buy g wifi ipad saying g
ham,together thinkin
ham,hiya hows going sunny africa hope u r avin good time give big old silver back big kiss
ham,time come tomorrow
spam,wanna laugh try chitchat mobile logon txting word chat send cm po box london wa zf pmsg rcvd
ham,cha quiteamuzing thatåõscool babe
ham,omg u know ate
spam,urgent nd attempt contact uu å£call b tcsbcmwcnxxcallcostppmmobilesvary maxå£
ham,directly behind abt rows behind ì
spam,congratulations ur awarded cd vouchers gift guaranteed free entry wkly draw txt music
spam,contract mobile mnths latest motorola nokia etc free double mins text orange tariffs text yes callback remove records
ham,plans yet
ham,hi engagement fixd th next month know really shocking bthmm njan vilikkamt ws al sudn
ham,course maths one day one chapter one month finish
ham,wow didnt think common take back ur freak unless u chop
ham,noooooooo please last thing need stress life fair
spam,u secret admirer looking make contact ufind rreveal thinks ur specialcall stopsmsppm
ham,ill see swing bit got things take care firsg
ham,wanted wish happy new year wanted talk legal advice gary split person ill make trip ptbo hope everything good babe love ya
ham,finished work yet something
ham,right wasnt phoned someone number like
ham,ok wun b angry msg u aft come home tonight
ham,good time nice something bit different weekends change see ya soon
ham,yo sorry shower sup
ham,carlos pick ill swing usf little bit
ham,full heat pa applyed oil pa
ham,im stuck da middle da row da right hand side da lt
ham,laid airtel line rest
ham,hi u decide wot get bday ill prob jus get voucher frm virgin sumfing
spam,freemsg txt call claim reward hours talk time use phone subscribegbpmnth inc hrs stoptxtstop
ham,hey j r u feeling better
ham,dont plan staying night prolly wont back til late
ham,thanx puttin da fone
ham,need th im campus atm could pick hour two
ham,oh haha den shld went today gee nvm la kaiez dun mind goin jazz oso scared hiphop open cant catch
ham,running managed minutes needed oxygen might resort roller option
ham,live next mins
ham,de asking like
ham,glad talking
ham,wat time ì finish
ham,sorry da gone mad many pending works
ham,much got cleaning
ham,hows favourite person today r u workin hard couldnt sleep last nite nearly rang u
spam,sunshine quiz win super sony dvd recorder canname capital australia text mquiz b
ham,ìï called dad oredi
ham,good think could send pix would love see top bottom
ham,nvm im going wear sport shoes anyway im going late leh
ham,long fuckin showr
ham,received understood n acted upon
ham,finally came fix ceiling
ham,u need presnts always bcz u cant mis love jeevithathile irulinae neekunna prakasamanu sneham prakasam ennal prabha mns prabha islove got dont mis
ham,jus finish blowing hair u finish dinner already
ham,im bus love
ham,lol knew saw dollar store
spam,todays voda numbers ending selected receive å£ reward match please call quoting claim code standard rates apply
ham,saturday sunday holiday difficult
ham,everybody fun evening miss
ham,got hella gas money want go grand nature adventure galileo little bit
ham,oh wow thats gay firmware update help
ham,wont move morphine
ham,come din c ì yup cut hair
ham,k k pa lunch aha
ham,captain vijaykanth comedy captain tvhe drunken
ham,course guess gods got hold right
ham,hide anythiing keeping distance
ham,havent
spam,ripped get mobile content call polytruepixringtonesgames six downloads
ham,sorry din lock keypad
ham,planning come chennai
spam,tried contact reply offer video phone anytime network mins half price line rental camcorder reply call
ham,god created gap btwn ur fingers dat sum vry special fill gaps holding ur hands plz dont ask created much gap legs
ham,okay going sleep later
ham,finally happened aftr decades beer cheaper petrol goverment expects us drink dont drive
spam,å£ xmas reward waiting computer randomly picked loyal mobile customers receive å£ reward call
ham,r e meeting tmr
ham,lol yes add spice day
ham,prasanth ettans mother passed away last night pray family
ham,k ill work something
ham,message great doctor india drink appy fizz contains cancer causing age
ham,call tell infront call
ham,ok prob
ham,ladies first genus second k
ham,yes please swimming
ham,mum going robinson already
ham,ok set let u noe e details later
ham,nottel software name
ham,send print outs da
ham,im realy soz imat mums nite moro
ham,born god said oh another idiot born
ham,didnt get ur full msgsometext missing send
ham,probably im almost gas get cash tomorrow
ham,forgot ask ì smth theres card da present lei ìï want write smth sign
spam,hi babe chloe r u smashed saturday night great weekend u missing sp visionsmscom text stop stop ptext
ham,ìï ready call
ham,wewa iriver mb
ham,good thing im getting connection bw
ham,sry dajst nw came home
ham,thats cool hell night lemme know youre around
ham,staying town
ham,haha yeah oz kind shitload
ham,ok u take shopping u get paid
ham,alright well bring see like mins
ham,pls dont play others life
ham,eatin lunch
ham,hmmmbut give one day
ham,didnt try g decided head
ham,surly ill give coming review
ham,march ending ready call sure problem capital never complete far hows work ladies
ham,pls give food preferably pap slowly loads sugar take hour give water slowly
ham,guy gets used dumb realize
ham,okey dokey iû÷ll bit sorting stuff
ham,yes fine
ham,liked new mobile
ham,anytime
ham,mmmmmmm snuggles deep contented sigh whispers fucking love much barely stand
ham,yar say got error
ham,hey anyway
ham,wow healthy old airport rd lor cant thk anything else ill b bathing dog later
ham,wif family booking tour package
ham,say bold torch later one torch bold
ham,haha awesome might need take doin tonight
ham,ya knw u vl givits ok thanks kanoanyway enjoy wit ur family wit st salary
ham,huh slow tot u reach long ago liao u days leh
ham,thats cool princess cover face hot sticky cum
ham,big brotherû÷s really scraped barrel shower social misfits
ham,oops thk dun haf enuff go check tell ì
ham,min go lunch
ham,hey happened u switch ur cell whole day isnt good u care give call tomorrow
ham,k addie art ill get home
ham,aiyo lesson early im still sleepin haha okie u go home liao den confirm w lor
ham,forgot tell ì smth ì like number sections clearer
ham,yup anything lor u dun wan ok
ham,im home love still awake loving kiss
ham,hello peach cake tasts lush
spam,free game get rayman golf free games arcade st get ur games settings reply post save activ press key arcade termsapply
ham,therell minor shindig place later tonight interested
ham,jason says cool pick place like hour
spam,mobile mths update latest cameravideo phones free keep ur number get extra free minstexts text yes call
ham,career tel added u contact indyarockscom send free sms remove phonebook sms
ham,ive reached already
ham,dont know ask brother nothing problem thing told
ham,keng rocking ashes
ham,wat time r ì going xins hostel
ham,good morning dear shijutta great successful day
ham,oh kafter placement ah
ham,possession especially first offense
ham,nt driving even many reasons called bbdthts chikku hw abt dvg coldheard tht vinobanagar violence hw conditionand hw ru problem
ham,bought test yesterday something lets know exact day u ovulatewhen get u wks pls pls dont fret know u r worried pls relax also anything ur past history u need tell
ham,pizza u want
ham,keep seeing weird shit bein woah realising actually reasonable im oh
ham,many happy returns day wish happy birthday
ham,thinking u x
ham,orh tot u say still dun believe
ham,put sign choose number pin show right
ham,beauty life next second hides thousands secrets wish every second wonderful ur life gud n
ham,thanx u darlinim cool thanx bday drinks nite morrow take care c u soonxxx
ham,youre still maybe leave credit card get gas get back like told
spam,weekly coolmob tones ready download weeks new tones include crazy frogaxel f akonlonely black eyeddont p info n
ham,well boy glad g wasted night applebees nothing
spam,cashbincouk get lots cash weekend dear welcome weekend got biggest best ever cash give away
ham,ok lor u wan go look u
ham,u wan haf lunch im da canteen
ham,dont make life stressfull always find time laugh may add years life surely adds life ur years gud niswt dreams
ham,hey looks like wrong one kappa guys numbers still phone want text see hes around
spam,thanks continued support question week enter u draw å£ cash name new us president txt ans
ham,im home doc gave pain meds says everything fine
ham,ì© ardìä rest ard leastwhich ì© price ì© bedrm
ham,lovely night xxx
ham,prepare pleasured
ham,hitechnical supportproviding assistance us customer call email
ham,text way cup stop work bus
ham,whens radio show
spam,unique user id removal send stop customer services
ham,im sure still available though
ham,watever relation u built dis world thing remains atlast iz lonlines lotz n lot memories feeling
ham,cheers lou yeah goodnite shame u neva came c ya gailxx
ham,hii got money da
ham,ok u tell wat time u coming later lor
ham,u repeat e instructions wats e road name ur house
ham,quite lor dun tell wait get complacent
ham,sorry completely forgot pop em round week still
ham,u r beautiful girl ive ever seen u r baby come c common room
ham,cant see join denis mina denis want alone time
ham,sen told going join uncle finance cbe
ham,yup hey one day fri ask miwa jiayin take leave go karaoke
ham,call senthil hsbc
ham,especially since talk boston personal statement lol woulda changed realized said nyc says boston
ham,indeed way either
spam,urgent call landline complimentary ibiza holiday å£ cash await collection sae tcs po box sk wp ppm
ham,holy living christ taking long
ham,ìï thk wat eat tonight
ham,thanx yup coming back sun finish dinner going back hotel time flies tog exactly mth today hope well haf many mths come
ham,opposite side dropped
ham,yup izzit still raining heavily cos im e mrt cant c outside
ham,send resume
ham,gd luck ur exams
ham,u ask next sat make im ok lor
ham,sorry uncle ill keep touch
ham,saw guys dolls last night patrick swayze great
spam,urgent nd attempt contact u å£ prize yesterday still awaiting collection claim call
spam,santa calling would little ones like call santa xmas eve call book time callsppm last mins tc
ham,come home dont want u miserable
ham,dont know shes getting messages
ham,cool tyler take gonna buy drop place later tonight total order quarter got enough
ham,guy car shop flirting got phone number paperwork called texted im nervous course may address call boss tell knowing may get fired
ham,plan manage
ham,er hello things didnû÷t quite go plan ûò limping slowly home followed aa exhaust hanging
ham,sorry delay yes masters
ham,call u finish come n pick u
ham,whats oga left phone home saw ur messages hope good great weekend
ham,dont worry though understand important put place poorly thought punishment face worst thing ever happened brb gonna go kill
ham,honey pls find much sell predicte nigeria many times used important reply monday
ham,e admin building might b slightly earlier ill call u im reaching
ham,fyi im usf swing room whenever
ham,call min thats ok
ham,ìï home work meh
ham,anything valuable situations first getting second loosing
ham,mark taking forever pick prescription pain coming back
ham,hows ur paper
ham,got smaller capacity one quite ex
spam,check choose babe videos smsshsexnetun fgkslpopw fgkslpo
ham,im good thinking
spam,u r winner u ave specially selected receive å£ cash holiday flights inc speak live operator claim pmin
ham,thought bout drink tap spile seven pub gas st broad st canal ok
ham,going sleep tired travel
ham,haha thinkin
ham,yup giving problems mayb ill jus leave
ham,lol trying make day little interesting
ham,long get reply defer admission til next semester
ham,word checkmate chess comes persian phrase shah maat means king dead goodmorning good day
ham,po de need job aha
ham,rats hey u ever vote next themes
spam,new mobiles must go txt nokia collect today å£ optout gbpmtmsg txtauction
ham,hope pee burns tonite
ham,oh rite well im best mate pete went week geva longer week
ham,yay cant wait party together
ham,photoshop makes computer shut
ham,boys made fun today ok problem sent one message fun
ham,thats one issues california okay snow manageable
ham,hmmm mayb try e shoppin area one forgot e name hotel
ham,awesome gonna soon later tonight
ham,need details online job
ham,missing toopray inshah allah
ham,pls help tell ashley cant find number oh
ham,sthis increase chance winning
ham,either way works years old hope doesnt bother
ham,maybe find something else instead
ham,gain rights wifedont demand iti trying husband toolets see
ham,liked new house
ham,im fine hope also
ham,also north carolina texas atm would go gre site pay test results sent
ham,yes baby need stretch open pussy
ham,thanks bomb date phone wanted say
ham,hey guy know breathing neck get bud anyway youd able get half track usf tonight
ham,response one powerful weapon occupy place others heart
ham,nokia phone lovly
spam,free messagethanks using auction subscription service pmsgrcvd skip auction txt unsubscribe txt stop customercare
ham,sorry datoday wont come playi driving clas
ham,im really sorry lit hair fire
ham,oh shit thought trip loooooool makes much sense grins sofa reference sleep couch link sent wasnt went trip oh didnt babe go celebration rents
ham,okey dokey swashbuckling stuff oh
ham,tension face smiling face waste face innocent face terror face cruel face romantic face lovable face decent face joker face
ham,dips cell dead coming u better respond else shall come back
ham,well know mean texting
ham,hi dis yijue would happy work wif ì gek
ham,lol oops sorry fun
ham,wat happened cruise thing
ham,know dat feelin pete wuld get em nuther place nuther time mayb
spam,lyricalladief inviting friend reply yes see stop send stop frnd
ham,worlds happiest frnds never characters dey best understanding differences
ham,yeah open chat click friend lists make list easy pie
ham,alright tylers got minor crisis home sooner thought asap
ham,whenwhere pick
ham,usual u call ard smth
ham,many things antibiotic used chest abdomen gynae infections even bone infections
ham,poor girl cant go one day lmao
ham,times
ham,pls make note shes exposed also find school anyone else vomiting dog cat house let know later
ham,sounds like could lot time spent chastity device boy grins take beatings like good dog going lounge nice long bath
ham,worse uses half way stops better complete
ham,miserable dont tell u side effects birth control massive gut wrenching cramps first months didnt sleep last night
ham,send new number
spam,want latest video handset anytime network mins half price line rental reply call delivery tomorrow
ham,half years missed friendship
ham,oh fucks sake shes like tallahassee
ham,haha first person gonna ask
spam,ou guaranteed latest nokia phone gb ipod mp player å£ prize txt word collect ibhltd ldnwh pmtmsgrcvd
ham,taka lor wat time u wan come n look us
spam,free polyphonic ringtone text super get free poly tone week sn pobox nr zs subscription pw
ham,im reaching another stops
ham,didnt mean post wrote like many times ive ritten stuff let sit feeling time angry left hit send stop wasnt checked phone got car wasnt said didnt sleep bored wouldnt time clean fold laundry etc least make bed
spam,warner village c colin farrell swat wkend village get free med popcornjust show c tc reply sony mre film offers
ham,come online today night
ham,anything special
ham,im solihull want anything
ham,good day
ham,regret inform u nhs made mistakeu never actually bornplease report yor local hospital b terminatedwe r sorry inconvenience
ham,love holiday monday feeling even go dentists hour
ham,way tirupur
spam,goal arsenal henry v liverpool henry scores simple shot yards pass bergkamp give arsenal goal margin mins
ham,youve already got flaky parent itsnot supposed childs job support parentnot theyre ride age anyway im supposed support ive hurt unintentional hurt nonetheless
ham,took hooch walk toaday fell splat grazed knees everything stayed home see tomorrow
ham,dropped em omw back
ham,sitting mu waiting everyone get suite take shower
ham,call didnt see facebook huh
ham,g says never answer texts confirmdeny
ham,common hearin r u wat r u ur day let ask u something different u smile today gud evng
ham,oh yah never cancel leh haha
ham,go e normal pilates intro
ham,ok let u noe leave house
ham,oh yes like torture watching england
ham,wanna art
ham,hopeing wasnû÷t pissed remember gone sisters something
spam,hi sexychat girls waiting text text great night chatting send stop stop service
ham,good morning boytoy hows yummy lips wheres sexy buns think crave need
ham,match startedindia
ham,free call sir
ham,hey want anything buy
ham,hey babe hows going ever figure going new years
ham,kkcongratulation
ham,g wants know fuck
ham,cancelled yeah baby well sounds important understand darlin give ring later fone love kate x
ham,tomarrow want got court decimal come bus stand
ham,ìï go home liao ask dad pick
ham,omg make wedding chapel frontierville get good stuff
ham,im eatin lor goin back work soon e mountain deer show huh watch b liao nice
ham,check maili mailed varma kept copy regarding membershiptake careinsha allah
ham,wrong phone phone answer one assume people dont well
ham,anyway dont think secure anything lemme know want drive south chill
ham,im already back home probably
spam,hi amy sending free phone number couple days give access adult parties
ham,bus way calicut
ham,hi probably much fun get message thought id txt u cos im bored james farting night
ham,hi baby im sat bloody bus mo wont home wanna somethin later call later ortxt back jess xx
spam,welcome select service added benefits call specially trained advisors free mobile dialling
ham,lost pounds since doc visit last week woot woot im gonna celebrate stuffing face
ham,u coming back dinner rite dad ask confirm wif u
ham,masters buy bb cos sale hows bf
ham,ahhhhjust woken uphad bad dream u thoso dont like u right didnt know anything comedy night guess im
ham,im viveki got call number
ham,didnt u call lunch
ham,mean left early check cos im working
ham,want rs dado
ham,want see pretty pussy
spam,dear voucher holder next meal us use following link pc enjoy dining experience
ham,people game im mall iouri kaila
spam,donate å£ unicefs asian tsunami disaster support fund texting donate å£ added next bill
ham,future planned tomorrow result today best present enjoy future
ham,cme want go hos morow wil cme got dear didnt say time
ham,supposed meet discuss abt trip thought xuhui told afternoon thought go lesson
ham,hey come online use msn
ham,im fine hope good take care
ham,oops shower u called hey parking garage collapsed university hospital see im crazy stuff like happen
ham,aiyo u poor thing u dun wan eat u bathe already
ham,yar tot u knew dis would happen long ago already
ham,gorgeous keep pix cumming thank
ham,jade paul didnåõt u txt u remember barmed want talk u txt
ham,spending new years brother family lets plan meet next week ready spoiled
ham,u today
ham,said okay sorry
ham,slept thinkthis time pm dangerous
ham,networking job
spam,goldviking inviting friend reply yes see stop send stop frnd
ham,dont let studying stress lr
ham,thats u haf keep busy
ham,rushing im working im school rush go hungry
ham,channel
ham,telling coulda real valentine wasnt u never pick nothing
spam,phony å£ award todays voda numbers ending xxxx selected receive å£ award match please call quoting claim code standard rates app
ham,made eta taunton planned hope thatû÷s still okday good see xx
ham,im hungry buy smth home
ham,hey kate
ham,drive read need write
ham,looked addie goes back monday sucks
ham,happy new year hope good semester
ham,esplanade lor else
ham,talk
ham,hmph go head big baller
ham,well like actually called someone punto woulda worse
ham,nope since ayo travelled forgotten guy
ham,still around looking pick later
spam,cds u congratulations ur awarded å£ cd gift vouchers å£ gift guaranteed freeentry å£ wkly draw xt music tncs
ham,theres someone year toyota camry like mr olayiwolas mileage kits clean need know much sell raise dough soon landing sell holla back
ham,guess pub im im happy pig clover whatever saying
ham,ill b soon
ham,oh k come tomorrow
ham,go fool dont cheat others ok
ham,mobile numberpls sms ur mail idconvey regards achanammarakheshqatar
ham,way rencontre meet mountains dont
ham,u attend ur driving lesson many times wk n day
ham,uncle g checking rewarding month
ham,hello boytoy geeee im missing today like send tm remind im thinking loved loving kiss
ham,think two still need get cash def ready
ham,hey galsu wanna meet dinner nìâte
ham,babe talking think good boy missing love
ham,great office today
ham,cool last little getting time soon
ham,sad puppy noise
ham,yes possible dint try pls dont tell one k
ham,anyway holla whenever youre around need excuse go creep people sarasota
ham,happen
ham,gonna ask lol think
spam,ur cashbalance currently pounds maximize ur cashin send go pmeg cc hgsuitelands rowwjhl
spam,private account statement shows unredeemed sim points call identifier codexx expires
ham,go chase run shes crossing street
spam,id like tell deepest darkest fantasies call pmin stop texts call nat rate
ham,hey inconvenient sis huh
ham,ok vldo u know got adsense approved
ham,really good see day dudette missing
ham,want go perumbavoor
ham,many times told stage use laugh listen aha
ham,didnt hear
ham,thanks talk saturday dear cherish brother role model
ham,pls clarify back open return ticket preponed go back kerala
spam,natalie f inviting friend reply yes see stop send stop frnd
ham,ran younger man make pretty babies together
spam,jamster get free wallpaper text heart tc apply need help call
ham,ic lol play doors sometime yo
ham,dunno dad said coming home bring us lunch yup go w u lor call u reach school lor
ham,desires u going doctor liver get bit stylish get ur hair managed thats
ham,hmmmstill dont opener
ham,yeah basically time next week get away mom get
ham,vote wherever heart guides
ham,sis lor juz watched italian job
ham,tick tick tick could die loneliness know pouts stomps feet need
ham,lmao know well
ham,train back northampton im afraid im staying skyving today ho ho around wednesday though fancy comedy club week way
ham,goodnight da thangam really miss u dear
ham,hey next sun theres basic yoga course bugis go pilates intro next sat tell time r free
ham,geeeee internet really bad today eh
ham,think disturbing da
ham,sorry ill call later meeting sir
ham,havent stuck orchard dads car going dinner u leh r free tonight
ham,ok also wan watch e pm show
ham,dunno lei like dun haf
ham,brother transfered pa
ham,calls later afternoon onwords mtnl service get problem south mumbai hear cannt listen
spam,å£ uk break accommodationvouchers terms conditions apply claim mustprovide claim number
ham,talk g x
ham,hai dear friends new present number rajitha raj ranju
ham,different styles
spam,win å£ shopping spree every week starting play text store skilgme tscs winawk age å£perweeksub
ham,gud ni dearslp welltake careswt dreamsmuah
spam,nd attempt contract u weeks top prize either å£ cash å£ prize call
ham,well im glad didnt find totally disagreeable lol
ham,guy flash go call call madam take care oh
ham,mark works tomorrow gets work house meet u afterwards
ham,keep ur problems ur heart
ham,yeah give call youve got minute
ham,hi babe uawakefeellikw shitjustfound via aletter thatmum gotmarried thnovbehind ourbacks åð fuckinniceselfish
ham,amazing rearrange letters gives meaning dormitory dirty room astronomer moon starer eyes see election results lies lets recount motherinlaw woman hitler eleven plus two twelve plus one amazing
ham,aiya discuss later lar pick ì
ham,hey happy birthday
ham,sorry missed call please call back
ham,omg one thing another cat worms bad day end
ham,good morning im suffering fever dysentry able come office today
ham,wont anything de
ham,type stuff sing
ham,st andre virgils cream
ham,fri ah okie lorgoin drivin den go shoppin tt
ham,gokila talking aha
ham,hi shanilrakhesh herethanksi exchanged uncut diamond stuffleaving back excellent service dino prem
ham,kkthis month kotees birthday know
ham,im really really broke oh amount small even
ham,sorry mates phone didnt write love kate
spam,themobhit link get premium pink panther game new sugababes crazy zebra animation badass hoody wallpaperall free
ham,ah well confuses things doesnt thought friends maybe wrong thing already sort invited tho may come cos money
ham,aight call youre close
ham,nope thats fine might nap tho
spam,msg mobile content order resent previous attempt failed due network error queries
ham,news hassling get weed week andres money haughaighgtujhyguj
ham,ding ya break fassyole blacko londn
ham,really need kiss u miss u baby ur baby eva
ham,oh got many responsibilities
ham,ive reached sch already
spam,december mobile mths entitled update latest colour camera mobile free call mobile update vco free
ham,u definitely need module e humanities dis sem izzit u wan take modules st
ham,argh fuck nobody town
ham,thanks fills complete calm reassurance
ham,aslamalaikkuminsha allah tohar beeen muht albi mufti mahfuuzmeaning
ham,driving training
ham,lol real told dad cancer
spam,private account statement
ham,oops
ham,enufcredeit tocallshall ileave uni get bus yor house
ham,hi chikku send nice msgs
ham,impossible argue always treats like sub like never released remind necessary
ham,work ah den plus lor u workin oso rite den go orchard lor place go liao
ham,wonderful okors great month cherish guys wish well day mojibiola
ham,cuz ibored wanna study
ham,wot wed nite til
ham,sucks ill go u hair youll free right
ham,still working time also tried adding zeros savings checking
ham,hmm dunno leh mayb bag goigng dat small jus anything except perfume smth dat keep
ham,sday joinedso training started today
ham,sorry grocers
ham,nice pubs near frankie n bennys near warner cinema
spam,costa del sol holiday å£ await collection call toclaim sae tc pobox stockport skxh costå£pm maxmins
ham,yup havent want go yoga call book
ham,oh shut omg yesterday dream kids boys pissed kids boys even told mark dream changing diapers cause im getting owed face
ham,yeah imagine would really gentle unlike docs treat patients like turkeys
ham,started dont stop pray good ideas anything see help guys ill forward link
ham,hi darlin im helens fone im gonna b princes nite please come tb love kate
ham,im office dawhere
ham,aiyar u poor thing give u support k jia ill think u
ham,oh unintentionally bad timing great fingers trains play along give fifteen min warning
spam,get garden ready summer free selection summer bulbs seeds worth å£ scotsman saturday stop go notxtcouk
ham,kthen come wenever u lik come also tel vikky come getting free time
ham,pls call da happen
ham,happy new year u ur familymay new year bring happiness stability tranquility ur vibrant colourful life
ham,problem renewal ill right away dont know details
ham,idk im sitting stop shop parking lot right bawling eyes feel like im failure everything nobody wants feel like im failing
ham,havent left yet probably gonna til dinner
ham,like question
ham,new years eve ok went party boyfriend si hey
ham,sir need velusamy sirs date birth company bank facilities details
ham,k k sms chat
ham,come karnan car please wait till pm directly goto doctor
ham,bluray player
ham,ok r meeting later
ham,lol need cash nitros hurry come crash
ham,send text well skype later
ham,ok leave need ask
ham,ìï still got lessons ìï sch
ham,dun believe leh tot told true already thk muz c us tog believe
ham,oh charge camera
ham,iû÷ve got salt rub open wounds like
ham,im going lunch
ham,im school n ill da lab stuff give call ì r done
ham,aight text tonight well see whats
ham,water logging desert geoenvironmental implications
ham,strange watching nd one im bed sweet dreams miss u
spam,sms auction brand new nokia auction today auction free join take part txt nokia
ham,hi hope u r ok said would text hasnt u seen let gently please
ham,babe fucking love know fuck good hear voice need crave cant get enough adore ahmad kisses
ham,k sure relatives home sms de pls
ham,fuuuuck need stop sleepin sup
ham,im town ill jus take mrt later
ham,cooked rather nice salmon la
ham,uploaded mine facebook
ham,time u wrkin
spam,ree entry weekly comp chance win ipod txt pod get entry std txt rate tcs apply details
spam,records indicate u maybe entitled pounds compensation accident claim free reply claim msg stop txt stop
ham,oh oh den muz change plan liao go back yan jiu
ham,wylie tampa sarasota
ham,ok take ur time n enjoy ur dinner
ham,darren saying dat u meeting da ge den dun meet dinner cos later u leave xy feel awkward den u meet lunch lor
ham,like cheap iû÷m happy splash wine makes feel better
ham,shes fine difficulties phone works mine pls send another friend request
ham,ugh leg hurts musta overdid mon
ham,wot student discount u get books
ham,come get b quite diff guess rite
spam,mobile mths update free oranges latest colour camera mobiles unlimited weekend calls call mobile upd freefone stoptxt
ham,babe im answering cant see maybe youd better reboot ym got photo great
ham,hiwhat think match
ham,know thinkin malaria relax children cant handle malaria would worse gastroenteritis takes enough replace loss temp reduce give malaria meds vomit self limiting illness means days completely stop
ham,dai downloaded exe file run exe installing
ham,yesterday true true
ham,kkhow business
ham,pa selected
ham,well thats nice bad cant eat
ham,accidentally brought em home box
ham,pls needs dat slowly vomit
ham,jane babes goin wrk feel ill lst nite foned already cover chuck
ham,nightswe nt staying port step liaotoo ex
ham,die want u stuffs
ham,oh fuck juswoke bed boatin docks slept wid year old spinout giv u da gossip lr xxx
ham,remet alex nichols middle school turns hes dealing
ham,means u could keep ur words
ham,nope im still market
ham,realise busy guy im trying bother get exams outta way try cars gr day
ham,hey project started aha da
ham,ok cool see ya
ham,uworld site buying qbank buying self assessment also
spam,someonone know trying contact via dating service find could call mobile landline boxskch
ham,yeah still give ride
ham,jay wants work first hows sound
ham,gud gudk chikku tke care sleep well gud nyt
ham,hmm thinking lor
ham,course dont tease know simply must see grins keep posted prey loving smile devouring kiss
ham,thanks temales wonderful thank great week
ham,thank princess want see nice juicy booty
ham,havent eaten day im sitting staring juicy pizza cant eat meds ruining life
ham,u come n search tat vidnot finishd
ham,k im leaving soon little
spam,urgent please call landline å£ cash holiday await collection cs sae po box mxy
ham,yeah work fine started last week stuff dull easy guys fun
ham,studies alone without anyones help cant need study
ham,please tell car keys purse
ham,didnt get anything da
ham,ok sweet dreams
ham,well shes big surprise
ham,cbe chennai
ham,help u swoop picking u wherever ur birds r meeting u want
ham,anyone calls treadmill say youll buy make sure working found ad craigslist selling
ham,absolutely love south park recently started watching office
ham,see film
ham,pls speak wont ask anything friendship
ham,gud niswt drmstake care
ham,hi darlin kate u doin somethin tonight im going pub called swan something parents one drink phone u
ham,anything lar ì going home dinner
ham,u fix teethif asapok take care
ham,u wan come dinner tonight
ham,hellohow u doingwhat u u b moving flat cos need arrange pick lamp etc take care hello caroline
ham,latebut kwish
ham,hi hope ur day good back walk table booked half eight let know ur coming
ham,oh yeah clearly fault
ham,dunno leh cant remember mayb lor wat time r meeting tmr
ham,best msg hard person u know one step foward make u fall love one step back ruin ur friendship good night
ham,vikky come around time
ham,princess
ham,gone get info bt dont know
ham,yeah probably
ham,im still pretty weak today bad day
ham,hey dont forget mine possession property mmm childish smile
ham,excellent thought misundrstud frnd knw u hate bt day wen ull knw truth ull hate urself gn
ham,hey congrats u id luv ive go home
ham,dear call
ham,xy trying smth u eat already havent
spam,urgent please call landline å£ cash luxury canary islands holiday await collection tcs sae po box mxy ppm
ham,donno genes something
ham,alex says hes ok ok
ham,u coming funeral home
ham,darling sister whens school resuming minimum wait period reapply take care
ham,ill hand phone chat wit u
ham,well good morning mr hows london treatin ya treacle
ham,cant make tonight
ham,bucks banks fees fixed better call bank find
ham,tell quite long cos havent finish film yet
ham,pls ask macho much budget bb bold cos saw new one dollars
ham,hi missed call mumhas beendropping red wine theplace adress
ham,ill mins look
ham,leave
ham,im coming back thursday yay gonna ok get money cheers oh yeah everything alright hows school call work
ham,jolly good way give u tickets sat eve speak x
ham,yeah thats thinking
ham,kkim going tirunelvali week see uncle already spend amount taking dress want moneyi give feb
ham,got ur favorite oyster n got favorite sashimi ok lar dun say already wait ur stomach start rumbling
ham,sister going earn da
ham,jus finish watching tv u
ham,k fyi im back parents place south tampa might need deal somewhere else
ham,good morning love go sleep wish great day full feeling better opportunity last thought babe love kiss
ham,kothi print marandratha
ham,havent got da topic yet rite
ham,ok problem yup im going sch rem correctly
ham,thanks ill keep mind
ham,aah bless hows arm
ham,dear sirsalam alaikkumpride pleasure meeting today tea shopwe pleased send contact number qatarrakhesh indianpls save numberrespectful regards
ham,gal n boy walking park galcan hold ur hand boyy u think would run away galno jst wana c feels walking heaven princegn
ham,makes happy
ham,wishing wonderful week
ham,sweet heart
ham,sir waiting letter
ham,dude im longer pisces im aquarius
ham,x course yrs messages messenger lik r sending
ham,think steyn surely get one wicket
ham,neither sterm voice im studying fine sure thing resolved tho anyway fab hols
ham,garbage bags eggs jam bread hannaford wheat chex
ham,pride im almost years old shouldnt takin money kid youre supposed deal stuff grownup stuffwhy dont tell
ham,sounds better evening im costume im sure time finish tomorrow txt end
ham,birthday feb da
ham,wanna gym
ham,youd like wouldnt jerk
ham,u awake snow
ham,course make stink
spam,u r subscribed textcomp wkly comp st wks free question follows subsequent wks unsubscribe txt stop custcare
ham,go openings room til thanksgiving without upcharge
ham,guys planning coming
ham,wat ì
ham,sir thats hr trip bus last week another audition next wednesday think might drive time
ham,thought put back box
ham,one interested may business plan
ham,yup paragon havent decided whether cut yet hee
ham,good morning princess great day
ham,guai ìï shd haf seen hes naughty ìï free today go jogging
ham,aiyo cos sms ì ì neva reply wait ì reply lar tot ì havent finish ur lab wat
ham,living simple loving also simple laughing simple winning tooo simple simple difficult
ham,tell something thats okay
ham,hmm shall bring bottle wine keep us amused joking ill still bring bottle red white see tomorrow
ham,ur face test select number tell ur face astrology waiting quick reply
ham,hey iouri gave number im wylie ryans friend
ham,yep get program youre slacking
ham,im inside officestill filling formsdon know leave
ham,think mentor percent sure
spam,call send girls erotic ecstacy pmin stop texts call nat rate
ham,trying figure im suppose see couple different people week said wed get together didnt set dates
spam,important message final contact attempt important messages waiting customer claims dept expires call
ham,hi mom might back later
spam,datingi two started sent text talk sport radio last week connection think coincidence
ham,lol oh got friend dog
ham,ok problem u frm wats matter
ham,k ill head mins see
ham,dont want leave im barely stay sane fighting constantly isnt helping
spam,current leading bid pause auction send customer care
spam,free entry grprizes wkly comp chance win latest nokia psp å£ cash every wktxt great
ham,somebody set website play hold em using eve online spacebucks
ham,sunny california weathers cool
spam,new message call
ham,make squeezed bucks dad
ham,good day toopray meremove teeth painful maintaining stuff
ham,babes hope ok shit nights sleep fell asleep iåõm knackered iåõm dreading work tonight thou upto tonight x
ham,friends help us problems give stupid suggestion lands us another problem helps us forgt previous problem
ham,gentle baby soon taking inches deep inside tight pussy
ham,much fights good nite
ham,nt joking seriously told
ham,watching ajith film ah
ham,ooooooh forgot tell u get yoville phone
ham,done handed dont know mega shop asda counts celebration thats im
ham,dont know exactly could ask chechi
ham,dunno lei shd b driving lor cos go sch hr oni
ham,want custom officer discount oh
ham,thats necessarily respectful
ham,hi hope good day better night
ham,hes apparently bffs carly quick
ham,hard true much show express love someonethat much hurt leave get seperatedö´óû¬ud evening
ham,babes think got ur brolly left english wil bring mrw u luv franxx
ham,hi babe thanks coming even though didnt go welli wanted bed hope see soon love kisses xxx
ham,gd got free ice cream oso wan
ham,pls give prometazine syrup mls mins later feed
ham,many days since
ham,dear angry busy dear
ham,yup msg tat yijue tot group mate cos meeting today mah im askin ì leaving earlier wat mah cos mayb ì haf walk v far
ham,pub
ham,first time everything
ham,daddy shu shu looking u u wan tell ure singapore wat
ham,ask u meeting da ge tmr nite
ham,gr handle victoria island traffic plus whens album due
ham,nite nite pocay wocay luv u n e thing eva promise ring u morrowxxxx
ham,east coast
ham,get chicken broth want ramen unless theres dont know
ham,slave want take pictures today bright light cell phone bright light
ham,nope forgot show next week
ham,really hows masters
ham,im bruce fowler im moms car cant park long story
ham,dont know oh hopefully month
ham,hi elaine todays meeting confirmed
ham,ok ksry knw sivatats askd
ham,u horrible gal u knew dat going wif yest n u still come n ask
ham,oh yeah diet flew window
spam,santa calling would little ones like call santa xmas eve call book time
ham,didnt complete gist oh
ham,er yeah b sorry tell pubcafe sit come wen u
ham,make time tonight whenever cool text whenever youre around
ham,wasnt paying attention
ham,thanx lot ur help
ham,youre gonna way specific
ham,jesus armand really trying tell everybody find
ham,im wif buying tix lar
ham,mode men left
ham,slow using biolas fne
ham,youdoing later sar xxx
ham,hey ive booked lessons sun liao
ham,thank generally date brothas
ham,way make sure u get train worc foregate street shrub hill fun night x
ham,thought id get watch cos thats kind thing u getanth loves much
spam,guaranteed award maybe even å£ cash claim ur award call free legitimat efreefone number wat u think
ham,good morning repair shopthe reason im hour
ham,thats fine got enough bud last night least
ham,back good journey let know need receipts shall tell like pendent
ham,takes away money worries
ham,aight pick open tonight
spam,latest news police station toilet stolen cops nothing go
ham,sac needs carry
ham,sing hu think also important find someone female know place well preferably citizen also smart help navigate even things like choosing phone plan require guidance doubt ask especially girls
ham,hello wats talks email address
ham,except theres chick huge boobs
ham,im wondering right
ham,wishing beautiful day moment revealing even things keep smiling enjoy
spam,sparkling shopping breaks per person call visit
ham,hear loud scream minutes cause gyno shoving things dont belong
ham,ok thk got u wan come wat
spam,txt call claim reward hours talk time use phone subscribegbpmnth inc hrs stoptxtstop
ham,u goin nite
ham,treasure every moment spend together
ham,shall bring us bottle wine keep us amused joking iû÷ll bring one anyway
spam,widelivecomindex wmlidadafirsttrueåác c ringtoneåá
spam,urgent last weekends draw shows å£ cash spanish holiday call claim tc rstm sw ss ppm
ham,thought slide enough
ham,well obviously people cool college life went home
ham,ok lor ì reaching message
ham,wheres mummys boy good bad positive negative mummy made wait hmmmm
ham,dhoni luck win big titleso win
ham,yes princess want please every night wish command
ham,probably
ham,really hope work doesnt get stressful gr day
ham,seen whos back holby
ham,shall call dear food
spam,urgent trying contact last weekends draw shows u å£ prize guaranteed call claim code k valid hrs p pm
ham,li hai bored da lecturer repeating last weeks stuff waste time
ham,picking various points going yeovil motor project hours u take home max easy
ham,also fuck family going rhode island wherever fuck leaving alone week new bong
ham,ofcourse also upload songs
spam,p per min call germany bt line p per min check planettalkinstantcom info ts cs text stop opt
ham,oh thanks loti already bought eggs
ham,u studying sch going home anyway ill b going sch later
spam,marvel mobile play official ultimate spiderman game å£ ur mobile right text spider game send u free ball wallpaper
ham,think rule tamilnaduthen tough people
ham,cool shall go see go tip anyway home got something drop later lets go town tonight maybe mum take us
ham,good afternoon love goes day sleep hope well boytoy think
ham,yes trust u buy new stuff asap try
ham,wake
ham,get step outta way congrats
ham,love one law make happy person love way friendship one law never make ur friend feel alone alive gud night
ham,apo mokka players
ham,perhaps much easy give account identification tomorrow uni
ham,wait msg min
ham,told tell stupid hear wont tell anything dad called brother spoken
ham,gods love limit gods grace measure gods power boundaries may u gods endless blessings always ur life gud ni
ham,want inside every night
ham,machan go gym tomorrow wil come late goodnight
ham,lol mad first woke gave
ham,itû÷s reassuring crazy world
ham,making dinner
ham,yes please leave leave
ham,oh okie lorwe go sat
ham,great role model giving much really wish day miracle god reason everything must say wish knew dont ive looked since young still great day
ham,ya im referin meis ex wat ah waitin u treat somebody shld b rich liaoso gd den u dun work frm tmr onwards
ham,miles smiles r made frm letters u know difference smile ur face keeps happy even though miles away u keep smiling good nyt
ham,way ive put skip right outside front house see house pull
ham,pls send company name saibaba colany
ham,big chic common declare
ham,thats cool want please
ham,going join tomorrow
ham,want tell bad feel basically times text lately need drugs
ham,total disappointment texted craziest shit got
ham,effect irritation ignore
ham,one
ham,think tantrums finished yeah ill point
ham,compliments away system side
ham,happened adventuring
ham,hey chief give bell get need talk royal visit st june
ham,ok another number
ham,aiyah ok wat long got improve already wat
spam,want explicit sex secs ring costs pmin gsex pobox wcn xx
ham,cant believe attached seeing every day know best get babe go teach class midnight
spam,asked mobile chatlines inclu free mins india cust servs sed yes ler got mega bill dont giv shit bailiff due days å£ want å£
ham,yeah jus rite
ham,armand says get ass epsilon
ham,u still havent got urself jacket ah
ham,im taking derek taylor walmart im back time youre done leave mouse desk ill text priscillas ready
ham,hi durban still number
ham,ic lotta childporn cars
ham,trying weekend v
ham,know wot people wear shirts jumpers hat belt know r cribbs
ham,cool time think get
ham,wen get spiritual deep thats great
ham,safe trip nigeria wish happiness soon company share moments
ham,well keep mind ive got enough gas one round trip barring sudden influx cash
ham,yeh indians nice tho kane bit shud go drink sometime soon mite hav go da works laugh soon love pete x x
ham,yes thats u texted pshewmissing much
ham,meant calculation units school really expensive started practicing accent important decided years dental school youll nmde exam
ham,arent next hours imma flip shit
ham,anything lor juz us lor
ham,get dump heap mom decided come lowes boring
ham,ok lor sony ericsson salesman ask shuhui say quite gd use considering
ham,ard like dat lor
ham,dont wait til least wednesday see get
ham,huh lei
spam,reminder get pounds free call credit details great offers pls reply text valid name house postcode
spam,nd time tried contact u u å£ pound prize claim easy call p per minute btnationalrate
ham,ì b going esplanade fr home
ham,pity mood soany suggestions
ham,guy bitching acted like id interested buying something else next week gave us free
ham,rofl true name
